,count,log_count,grid_count,log_grid,FRDBI_count,log_FRDBI_count,FRDBI_grid,log_FRDBI_grid,logit_grid,logit_FRDB_grid,,
Abortiporus biennis,10,1,8,0.903089987,905,2.956648579,346,2.539076099,-1.879382637,-0.7941696,,
Acanthonitschkea tristis,14,1.146128036,6,0.77815125,51,1.707570176,26,1.414973348,-2.005752329,-1.978426347,,
Acrogenospora sphaerocephala,1,0,1,0,60,1.77815125,36,1.556302501,-2.787460475,-1.835338203,,
Acrospermum compressum,5,0.698970004,5,0.698970004,295,2.469822016,168,2.225309282,-2.085647288,-1.142419264,,
Actinocladium rhodosporum,2,0.301029996,2,0.301029996,60,1.77815125,42,1.62324929,-2.485721426,-1.767332588,,
Agaricus arvensis,121,2.08278537,42,1.62324929,1544,3.188647296,530,2.72427587,-1.134146738,-0.570190357,,
Agaricus augustus,27,1.431363764,12,1.079181246,738,2.868056362,281,2.44870632,-1.700415245,-0.897450982,,
Agaricus bisporus,25,1.397940009,17,1.230448921,327,2.514547753,129,2.11058971,-1.54552541,-1.264341844,,
Agaricus bitorquis,23,1.361727836,15,1.176091259,349,2.542825427,160,2.204119983,-1.601335563,-1.165095875,,
Agaricus bresadolanus,5,0.698970004,4,0.602059991,83,1.919078092,41,1.612783857,-2.183269844,-1.777974672,,
Agaricus campestris var. campestris,112,2.049218023,55,1.740362689,2498,3.397592434,808,2.907411361,-1.007049118,-0.320988998,,
Agaricus cappellianus,6,0.77815125,3,0.477121255,132,2.120573931,76,1.880813592,-2.308919956,-1.503719023,,
Agaricus comtulus,21,1.322219295,15,1.176091259,266,2.424881637,137,2.136720567,-1.601335563,-1.236743154,,
Agaricus cupreobrunneus,1,0,1,0,68,1.832508913,34,1.531478917,-2.787460475,-1.860514155,,
Agaricus dulcidulus,15,1.176091259,11,1.041392685,173,2.238046103,91,1.959041392,-1.738924627,-1.422795408,,
Agaricus fuscofibrillosus,1,0,1,0,87,1.939519253,44,1.643452676,-2.787460475,-1.746775686,,
Agaricus impudicus,13,1.113943352,12,1.079181246,330,2.51851394,152,2.181843588,-1.700415245,-1.188854505,,
Agaricus langei,9,0.954242509,7,0.84509804,393,2.59439255,200,2.301029996,-1.938090651,-1.06069784,,
Agaricus moelleri,12,1.079181246,9,0.954242509,563,2.750508395,259,2.413299764,-1.827512865,-0.937142092,,
Agaricus osecanus,3,0.477121255,3,0.477121255,111,2.045322979,49,1.69019608,-2.308919956,-1.699147231,,
Agaricus placomyces,1,0,1,0,52,1.716003344,31,1.491361694,-2.787460475,-1.901159396,,
Agaricus porphyrizon,14,1.146128036,9,0.954242509,182,2.260071388,83,1.919078092,-1.827512865,-1.464198558,,
Agaricus silvicola var. silvicola,209,2.320146286,71,1.851258349,1375,3.138302698,450,2.653212514,-0.883541481,-0.658541347,,
Agaricus subperonatus,3,0.477121255,3,0.477121255,80,1.903089987,40,1.602059991,-2.308919956,-1.788875116,,
Agaricus sylvaticus,199,2.298853076,77,1.886490725,1985,3.297760511,616,2.789580712,-0.843483561,-0.485500186,,
Agaricus urinascens var. excellens,5,0.698970004,5,0.698970004,36,1.556302501,20,1.301029996,-2.085647288,-2.093421685,,
Agaricus urinascens var. urinascens,4,0.602059991,4,0.602059991,497,2.696356389,245,2.389166084,-2.183269844,-0.963980462,,
Agaricus xanthodermus,84,1.924279286,28,1.447158031,998,2.999130541,364,2.561101384,-1.320739585,-0.768499865,,
Agrocybe arvalis,3,0.477121255,3,0.477121255,158,2.198657087,62,1.792391689,-2.308919956,-1.594642012,,
Agrocybe cylindracea,36,1.556302501,20,1.301029996,359,2.555094449,140,2.146128036,-1.472756449,-1.226783967,,
Agrocybe erebia,12,1.079181246,7,0.84509804,573,2.758154622,272,2.434568904,-1.938090651,-0.913346282,,
Agrocybe molesta,15,1.176091259,12,1.079181246,334,2.523746467,149,2.173186268,-1.700415245,-1.198066361,,
Agrocybe paludosa,6,0.77815125,6,0.77815125,185,2.267171728,86,1.934498451,-2.005752329,-1.448238815,,
Agrocybe pediades,29,1.462397998,22,1.342422681,627,2.797267541,258,2.411619706,-1.429899026,-0.939015902,,
Agrocybe praecox,137,2.136720567,55,1.740362689,959,2.981818607,401,2.603144373,-1.007049118,-0.718868066,,
Agrocybe vervacti,20,1.301029996,14,1.146128036,86,1.934498451,40,1.602059991,-1.632023215,-1.788875116,,
Albugo candida,5,0.698970004,4,0.602059991,409,2.611723308,210,2.322219295,-2.183269844,-1.037616188,,
Aleuria aurantia,56,1.748188027,30,1.477121255,1754,3.244029589,633,2.80140371,-1.289291592,-0.469740608,,
Alnecium auctum,1,0,1,0,8,0.903089987,5,0.698970004,-2.787460475,-2.698100546,,
Alternaria solani,1,0,1,0,5,0.698970004,3,0.477121255,-2.787460475,-2.920297288,,
Amandinea punctata,3,0.477121255,2,0.301029996,326,2.5132176,88,1.944482672,-2.485721426,-1.437894631,,
Amanita battarrae,1,0,1,0,71,1.851258349,49,1.69019608,-2.787460475,-1.699147231,,
Amanita ceciliae,24,1.380211242,18,1.255272505,604,2.781036939,249,2.396199347,-1.519973755,-0.956176148,,
Amanita citrina var. alba,18,1.255272505,13,1.113943352,1221,3.086715664,365,2.562292864,-1.66493112,-0.767105015,,
Amanita citrina var. citrina,259,2.413299764,58,1.763427994,3696,3.567731963,729,2.862727528,-0.981646798,-0.385491033,,
Amanita echinocephala var. echinocephala,94,1.973127854,18,1.255272505,208,2.318063335,87,1.939519253,-1.519973755,-1.443038069,,
Amanita excelsa var. excelsa,10,1,9,0.954242509,1330,3.123851641,418,2.621176282,-1.827512865,-0.697304443,,
Amanita excelsa var. spissa,17,1.230448921,11,1.041392685,730,2.86332286,292,2.465382851,-1.738924627,-0.878616218,,
Amanita fulva,215,2.33243846,54,1.73239376,4131,3.616055195,893,2.950851459,-1.015794267,-0.255164418,,
Amanita muscaria var. muscaria,138,2.139879086,47,1.672097858,6579,3.818159886,1234,3.09131516,-1.081485201,-0.011118546,,
Amanita pantherina,165,2.217483944,47,1.672097858,606,2.782472624,259,2.413299764,-1.081485201,-0.937142092,,
Amanita phalloides,52,1.716003344,33,1.51851394,1459,3.164055292,429,2.632457292,-1.245662193,-0.683722807,,
Amanita porphyria,6,0.77815125,6,0.77815125,445,2.648360011,192,2.283301229,-2.005752329,-1.079934576,,
Amanita rubescens var. rubescens,266,2.424881637,79,1.897627091,8431,3.925879089,1358,3.13289977,-0.830726691,0.075233666,,
Amanita strobiliformis,60,1.77815125,16,1.204119983,176,2.245512668,82,1.913813852,-1.572581201,-1.469642444,,
Amanita vaginata,94,1.973127854,48,1.681241237,1358,3.13289977,560,2.748188027,-1.071575194,-0.539613703,,
Amanita virosa,17,1.230448921,11,1.041392685,175,2.243038049,87,1.939519253,-1.738924627,-1.443038069,,
Amblyosporium botrytis,1,0,1,0,6,0.77815125,2,0.301029996,-2.787460475,-3.096562438,,
Amerosporium polynematoides,1,0,1,0,9,0.954242509,7,0.84509804,-2.787460475,-2.551624238,,
Amphinema byssoides,3,0.477121255,3,0.477121255,140,2.146128036,71,1.851258349,-2.308919956,-1.534169166,,
Ampulloclitocybe clavipes,59,1.770852012,38,1.579783597,2305,3.36267093,641,2.80685803,-1.180638887,-0.46242136,,
Amylostereum laevigatum,4,0.602059991,4,0.602059991,458,2.660865478,168,2.225309282,-2.183269844,-1.142419264,,
Annulohypoxylon multiforme,115,2.06069784,45,1.653212514,3886,3.589502796,881,2.944975908,-1.101899753,-0.26427094,,
Anthracobia macrocystis,8,0.903089987,6,0.77815125,302,2.480006943,156,2.193124598,-2.005752329,-1.176833009,,
Anthracobia maurilabra,1,0,1,0,148,2.170261715,100,2,-2.787460475,-1.380211242,,
Anthracobia melaloma,14,1.146128036,10,1,299,2.475671188,176,2.245512668,-1.781036939,-1.120723456,,
Antrodia albida,31,1.491361694,25,1.397940009,240,2.380211242,115,2.06069784,-1.372175286,-1.316790543,,
Antrodia gossypium,1,0,1,0,15,1.176091259,13,1.113943352,-2.787460475,-2.281732433,,
Antrodia serialis,5,0.698970004,5,0.698970004,113,2.053078443,54,1.73239376,-2.085647288,-1.656062693,,
Antrodia sinuosa,5,0.698970004,4,0.602059991,13,1.113943352,11,1.041392685,-2.183269844,-2.354632211,,
Antrodia vaillantii,2,0.301029996,2,0.301029996,49,1.69019608,25,1.397940009,-2.485721426,-1.995635195,,
Antrodia xantha,16,1.204119983,9,0.954242509,268,2.428134794,118,2.071882007,-1.827512865,-1.30505975,,
Aphanobasidium filicinum,1,0,1,0,83,1.919078092,49,1.69019608,-2.787460475,-1.699147231,,
Apiognomonia errabunda,6,0.77815125,6,0.77815125,83,1.919078092,49,1.69019608,-2.005752329,-1.699147231,,
Apiognomonia veneta,1,0,1,0,19,1.278753601,12,1.079181246,-2.787460475,-2.31666913,,
Apioporthella vepris,1,0,1,0,48,1.681241237,24,1.380211242,-2.787460475,-2.013539399,,
Appendiculella calostroma,2,0.301029996,2,0.301029996,81,1.908485019,38,1.579783597,-2.485721426,-1.811504452,,
Arachnopeziza eriobasis,1,0,1,0,61,1.785329835,41,1.612783857,-2.787460475,-1.777974672,,
Arachnopeziza obtusipila,1,0,1,0,21,1.322219295,13,1.113943352,-2.787460475,-2.281732433,,
Armillaria gallica,6,0.77815125,5,0.698970004,1184,3.073351702,450,2.653212514,-2.085647288,-0.658541347,,
Armillaria mellea,384,2.584331224,120,2.079181246,5620,3.749736316,1023,3.009875634,-0.614545703,-0.159504862,,
Armillaria ostoyae,1,0,1,0,707,2.849419414,298,2.474216264,-2.787460475,-0.868601051,,
Armillaria tabescens,13,1.113943352,10,1,228,2.357934847,117,2.068185862,-1.781036939,-1.308938181,,
Arrhenia acerosa,4,0.602059991,3,0.477121255,296,2.471291711,135,2.130333768,-2.308919956,-1.243497377,,
Arrhenia obscurata,6,0.77815125,5,0.698970004,42,1.62324929,25,1.397940009,-2.085647288,-1.995635195,,
Arrhenia onisca,3,0.477121255,3,0.477121255,85,1.929418926,38,1.579783597,-2.308919956,-1.811504452,,
Arrhenia retiruga,4,0.602059991,2,0.301029996,264,2.421603927,139,2.1430148,-2.485721426,-1.230081187,,
Arrhenia rickenii,1,0,1,0,104,2.017033339,55,1.740362689,-2.787460475,-1.647916174,,
Arrhenia spathulata,3,0.477121255,3,0.477121255,134,2.127104798,72,1.857332496,-2.308919956,-1.527916186,,
Arrhenia sphagnicola,1,0,1,0,80,1.903089987,45,1.653212514,-2.787460475,-1.736838983,,
Arthrinium puccinioides,1,0,1,0,44,1.643452676,27,1.431363764,-2.787460475,-1.961860352,,
Arthrinium sporophleum,1,0,1,0,48,1.681241237,20,1.301029996,-2.787460475,-2.093421685,,
Arthrocladiella mougeotii,1,0,1,0,25,1.397940009,16,1.204119983,-2.787460475,-2.191031609,,
Ascobolus brassicae,1,0,1,0,160,2.204119983,88,1.944482672,-2.787460475,-1.437894631,,
Ascobolus lignatilis,33,1.51851394,19,1.278753601,24,1.380211242,12,1.079181246,-1.495763365,-2.31666913,,
Ascobolus stercorarius,3,0.477121255,3,0.477121255,402,2.604226053,229,2.359835482,-2.308919956,-0.996381652,,
Ascochyta avenae,2,0.301029996,2,0.301029996,11,1.041392685,7,0.84509804,-2.485721426,-2.551624238,,
Ascochyta equiseti,1,0,1,0,18,1.255272505,1,0,-2.787460475,-3.397766256,,
Ascochyta leptospora,2,0.301029996,2,0.301029996,30,1.477121255,15,1.176091259,-2.485721426,-2.219235134,,
Ascochyta mercurialis,38,1.579783597,22,1.342422681,41,1.612783857,23,1.361727836,-1.429899026,-2.032198171,,
Ascochyta metulispora,7,0.84509804,5,0.698970004,9,0.954242509,6,0.77815125,-2.085647288,-2.618745199,,
Ascochyta microspora,1,0,1,0,1,0,1,0,-2.787460475,-3.397766256,,
Ascochyta moelleriana,3,0.477121255,3,0.477121255,8,0.903089987,6,0.77815125,-2.308919956,-2.618745199,,
Ascochyta primulae,1,0,1,0,2,0.301029996,2,0.301029996,-2.787460475,-3.096562438,,
Ascochyta pteridis,2,0.301029996,2,0.301029996,4,0.602059991,2,0.301029996,-2.485721426,-3.096562438,,
Ascochyta violae,2,0.301029996,2,0.301029996,5,0.698970004,3,0.477121255,-2.485721426,-2.920297288,,
Ascochyta vulgaris var. vulgaris,7,0.84509804,6,0.77815125,6,0.77815125,5,0.698970004,-2.005752329,-2.698100546,,
Ascocoryne albida,3,0.477121255,3,0.477121255,42,1.62324929,22,1.342422681,-2.308919956,-2.051678621,,
Ascocoryne cylichnium,13,1.113943352,12,1.079181246,684,2.835056102,348,2.541579244,-1.700415245,-0.791263023,,
Ascocoryne sarcoides,136,2.133538908,71,1.851258349,2935,3.467608106,817,2.912222057,-0.883541481,-0.313862059,,
Ascodichaena rugosa,1,0,1,0,513,2.710117365,153,2.184691431,-2.787460475,-1.185821659,,
Aspergillus niger,2,0.301029996,2,0.301029996,136,2.133538908,12,1.079181246,-2.485721426,-2.31666913,,
Asteroma coryli,14,1.146128036,12,1.079181246,4,0.602059991,3,0.477121255,-1.700415245,-2.920297288,,
Asteroma impressum,9,0.954242509,5,0.698970004,18,1.255272505,12,1.079181246,-2.085647288,-2.31666913,,
Asterophora lycoperdoides,2,0.301029996,2,0.301029996,274,2.437750563,134,2.127104798,-2.485721426,-1.246909942,,
Asterophora parasitica,12,1.079181246,8,0.903089987,424,2.627365857,219,2.340444115,-1.879382637,-1.01768117,,
Asterosporium asterospermum,5,0.698970004,5,0.698970004,35,1.544068044,19,1.278753601,-2.085647288,-2.115873163,,
Asterostroma laxum,6,0.77815125,6,0.77815125,21,1.322219295,16,1.204119983,-2.005752329,-2.191031609,,
Athelia arachnoidea,1,0,1,0,276,2.440909082,82,1.913813852,-2.787460475,-1.469642444,,
Athelia neuhoffii,10,1,6,0.77815125,33,1.51851394,22,1.342422681,-2.005752329,-2.051678621,,
Atopospora betulina,1,0,1,0,16,1.204119983,14,1.146128036,-2.787460475,-2.249373089,,
Aulographum hederae,1,0,1,0,64,1.806179974,36,1.556302501,-2.787460475,-1.835338203,,
Aureoboletus gentilis,2,0.301029996,2,0.301029996,202,2.305351369,36,1.556302501,-2.485721426,-1.835338203,,
Auricularia auricula-judae,311,2.492760389,111,2.045322979,9167,3.962227231,1203,3.080265627,-0.656245006,-0.032674349,,
Auricularia mesenterica,59,1.770852012,30,1.477121255,1835,3.263636069,499,2.698100546,-1.289291592,-0.603146543,,
Auriscalpium vulgare,27,1.431363764,10,1,651,2.813580989,258,2.411619706,-1.781036939,-0.939015902,,
Bactridium flavum,1,0,1,0,283,2.451786436,135,2.130333768,-2.787460475,-1.243497377,,
Baeospora myosura,61,1.785329835,28,1.447158031,993,2.996949248,378,2.5774918,-1.320739585,-0.74925358,,
Basidiodendron cinereum,34,1.531478917,27,1.431363764,9,0.954242509,7,0.84509804,-1.337274337,-2.551624238,,
Basidioradulum radula,3,0.477121255,3,0.477121255,512,2.709269961,245,2.389166084,-2.308919956,-0.963980462,,
Battarrea phalloides,1,0,1,0,85,1.929418926,29,1.462397998,-2.787460475,-1.930474748,,
Belonidium mollissimum,2,0.301029996,2,0.301029996,427,2.630427875,202,2.305351369,-2.485721426,-1.055998655,,
Bertia moriformis var. moriformis,10,1,8,0.903089987,411,2.613841822,203,2.307496038,-1.879382637,-1.053664957,,
Bionectria ochroleuca,2,0.301029996,2,0.301029996,14,1.146128036,11,1.041392685,-2.485721426,-2.354632211,,
Biscogniauxia nummularia,11,1.041392685,11,1.041392685,1375,3.138302698,384,2.584331224,-1.738924627,-0.741184439,,
Bisporella citrina,139,2.1430148,61,1.785329835,2080,3.318063335,643,2.808210973,-0.957395296,-0.460600931,,
Bisporella sulfurina,13,1.113943352,12,1.079181246,790,2.897627091,327,2.514547753,-1.700415245,-0.822511974,,
Bjerkandera adusta,362,2.558708571,125,2.096910013,5561,3.745152895,1043,3.018284308,-0.592398846,-0.145175243,,
Bjerkandera fumosa,15,1.176091259,14,1.146128036,378,2.5774918,171,2.23299611,-1.632023215,-1.134173378,,
Blumeria graminis,1,0,1,0,408,2.610660163,192,2.283301229,-2.787460475,-1.079934576,,
Boeremia exigua var. viburni,10,1,10,1,21,1.322219295,9,0.954242509,-1.781036939,-2.442131218,,
Boeremia hedericola,2,0.301029996,2,0.301029996,573,2.758154622,228,2.357934847,-2.485721426,-0.99847348,,
Boidinia furfuracea,59,1.770852012,27,1.431363764,21,1.322219295,18,1.255272505,-1.337274337,-2.139529272,,
Bolbitius reticulatus,4,0.602059991,2,0.301029996,240,2.380211242,112,2.049218023,-2.485721426,-1.3288163,,
Bolbitius titubans var. titubans,106,2.025305865,58,1.763427994,3781,3.577606677,979,2.990782692,-0.981646798,-0.191346522,,
Boletus aereus,1,0,1,0,210,2.322219295,59,1.770852012,-2.787460475,-1.616715768,,
Boletus appendiculatus,3,0.477121255,2,0.301029996,385,2.58546073,130,2.113943352,-2.485721426,-1.260804994,,
Boletus armeniacus,6,0.77815125,4,0.602059991,29,1.462397998,15,1.176091259,-2.183269844,-2.219235134,,
Boletus badius,131,2.117271296,51,1.707570176,4705,3.672559628,957,2.980911938,-1.042938219,-0.207453988,,
Boletus calopus,10,1,7,0.84509804,576,2.760422483,192,2.283301229,-1.938090651,-1.079934576,,
Boletus chrysenteron,268,2.428134794,89,1.949390007,7416,3.870169721,1161,3.06483222,-0.770769297,-0.061948357,,
Boletus edulis,107,2.029383778,41,1.612783857,4230,3.626340367,958,2.981365509,-1.145370765,-0.206718865,,
Boletus erythropus,41,1.612783857,16,1.204119983,1597,3.203304916,544,2.7355989,-1.572581201,-0.555769951,,
Boletus ferrugineus,6,0.77815125,5,0.698970004,367,2.564666064,156,2.193124598,-2.085647288,-1.176833009,,
Boletus fragrans,4,0.602059991,4,0.602059991,13,1.113943352,10,1,-2.183269844,-2.396199347,,
Boletus impolitus,10,1,6,0.77815125,286,2.456366033,114,2.056904851,-2.005752329,-1.320765588,,
Boletus legaliae,6,0.77815125,3,0.477121255,171,2.23299611,36,1.556302501,-2.308919956,-1.835338203,,
Boletus luridiformis var. luridiformis,32,1.505149978,16,1.204119983,898,2.953276337,234,2.369215857,-1.572581201,-0.986044048,,
Boletus luridus var. luridus,53,1.72427587,28,1.447158031,1012,3.005180513,299,2.475671188,-1.320739585,-0.866948854,,
Boletus moravicus,2,0.301029996,2,0.301029996,132,2.120573931,54,1.73239376,-2.485721426,-1.656062693,,
Boletus pinophilus,1,0,1,0,233,2.367355921,79,1.897627091,-2.787460475,-1.486367698,,
Boletus porosporus,1,0,1,0,856,2.932473765,343,2.53529412,-2.787460475,-0.798556025,,
Boletus pruinatus,9,0.954242509,5,0.698970004,1057,3.024074987,341,2.532754379,-2.085647288,-0.801498263,,
Boletus pulverulentus,7,0.84509804,2,0.301029996,567,2.753583059,216,2.334453751,-2.485721426,-1.024242348,,
Boletus queletii,9,0.954242509,7,0.84509804,371,2.56937391,138,2.139879086,-1.938090651,-1.233400807,,
Boletus radicans,42,1.62324929,20,1.301029996,681,2.833147112,190,2.278753601,-1.472756449,-1.084858379,,
Boletus reticulatus,15,1.176091259,11,1.041392685,403,2.605305046,180,2.255272505,-1.738924627,-1.11021548,,
Boletus rhodopurpureus,1,0,1,0,118,2.071882007,15,1.176091259,-2.787460475,-2.219235134,,
Boletus rubellus,11,1.041392685,10,1,774,2.888740961,267,2.426511261,-1.781036939,-0.922377462,,
Boletus satanas,15,1.176091259,5,0.698970004,202,2.305351369,41,1.612783857,-2.085647288,-1.777974672,,
Boletus subtomentosus,205,2.311753861,76,1.880813592,2633,3.420450859,750,2.875061263,-0.849968683,-0.367976785,,
Botryobasidium aureum,1,0,1,0,640,2.806179974,281,2.44870632,-2.787460475,-0.897450982,,
Botryobasidium conspersum,38,1.579783597,20,1.301029996,179,2.252853031,111,2.045322979,-1.472756449,-1.332893171,,
Botryobasidium laeve,1,0,1,0,61,1.785329835,42,1.62324929,-2.787460475,-1.767332588,,
Botryobasidium subcoronatum,1,0,1,0,429,2.632457292,237,2.374748346,-2.787460475,-0.979936208,,
Botryohypochnus isabellinus,3,0.477121255,3,0.477121255,63,1.799340549,30,1.477121255,-2.308919956,-1.915575699,,
Botryosphaeria dothidea,1,0,1,0,125,2.096910013,71,1.851258349,-2.787460475,-1.534169166,,
Botryosphaeria stevensii,2,0.301029996,2,0.301029996,67,1.826074803,34,1.531478917,-2.485721426,-1.860514155,,
Botryosporium pulchrum,3,0.477121255,3,0.477121255,55,1.740362689,38,1.579783597,-2.308919956,-1.811504452,,
Botrytis aclada,1,0,1,0,14,1.146128036,11,1.041392685,-2.787460475,-2.354632211,,
Botrytis cinerea,28,1.447158031,12,1.079181246,613,2.787460475,177,2.247973266,-1.700415245,-1.118075943,,
Botrytis fabae,1,0,1,0,29,1.462397998,16,1.204119983,-2.787460475,-2.191031609,,
Botrytis galanthina,1,0,1,0,7,0.84509804,5,0.698970004,-2.787460475,-2.698100546,,
Bovista aestivalis,2,0.301029996,2,0.301029996,65,1.812913357,46,1.662757832,-2.485721426,-1.727116727,,
Bovista nigrescens,27,1.431363764,18,1.255272505,1094,3.039017322,576,2.760422483,-1.519973755,-0.523782584,,
Bovista plumbea,65,1.812913357,33,1.51851394,1394,3.144262774,619,2.791690649,-1.245662193,-0.482698147,,
Bremia lactucae,3,0.477121255,1,0,358,2.553883027,174,2.240549248,-2.787460475,-1.126060462,,
Brevicellicium olivascens,1,0,1,0,189,2.276461804,117,2.068185862,-2.787460475,-1.308938181,,
Bulbillomyces farinosus,2,0.301029996,2,0.301029996,375,2.574031268,193,2.285557309,-2.485721426,-1.077490286,,
Bulgaria inquinans,96,1.982271233,43,1.633468456,1825,3.261262869,624,2.79518459,-1.123167653,-0.478048244,,
Byssocorticium atrovirens,1,0,1,0,22,1.342422681,14,1.146128036,-2.787460475,-2.249373089,,
Byssocorticium terrestre,4,0.602059991,4,0.602059991,8,0.903089987,6,0.77815125,-2.183269844,-2.618745199,,
Byssomerulius corium,59,1.770852012,40,1.602059991,2096,3.321391278,606,2.782472624,-1.156851901,-0.494907351,,
Byssonectria fusispora,1,0,1,0,83,1.919078092,41,1.612783857,-2.787460475,-1.777974672,,
Calcarisporium arbuscula,130,2.113943352,51,1.707570176,144,2.158362492,73,1.86332286,-1.042938219,-1.521746916,,
Calloria neglecta,59,1.770852012,29,1.462397998,1358,3.13289977,505,2.703291378,-1.304757868,-0.596651522,,
Calocera cornea,181,2.257678575,66,1.819543936,3200,3.505149978,872,2.940516485,-0.919236623,-0.271137916,,
Calocera furcata,1,0,1,0,54,1.73239376,34,1.531478917,-2.787460475,-1.860514155,,
Calocera glossoides,2,0.301029996,2,0.301029996,273,2.436162647,138,2.139879086,-2.485721426,-1.233400807,,
Calocera pallidospathulata,13,1.113943352,11,1.041392685,3153,3.498723971,683,2.834420704,-1.738924627,-0.424934224,,
Calocera viscosa,250,2.397940009,63,1.799340549,4654,3.667826379,1045,3.01911629,-0.941811049,-0.143746703,,
Calocybe gambosa,126,2.100370545,49,1.69019608,1994,3.299725154,611,2.78604121,-1.061852368,-0.490190748,,
Calvatia gigantea,33,1.51851394,23,1.361727836,1321,3.120902818,637,2.804139432,-1.409859645,-0.466073423,,
Calycellina chlorinella,1,0,1,0,44,1.643452676,27,1.431363764,-2.787460475,-1.961860352,,
Calycellina ochracea,4,0.602059991,4,0.602059991,57,1.755874856,36,1.556302501,-2.183269844,-1.835338203,,
Calycellina punctata,2,0.301029996,2,0.301029996,238,2.376576957,109,2.037426498,-2.485721426,-1.341153078,,
Calycina herbarum,7,0.84509804,7,0.84509804,685,2.835690571,227,2.356025857,-1.938090651,-1.000573579,,
Calyptella capula,4,0.602059991,3,0.477121255,721,2.857935265,345,2.537819095,-2.308919956,-0.795628179,,
Camaropella lutea,1,0,1,0,143,2.155336037,79,1.897627091,-2.787460475,-1.486367698,,
Camarophyllopsis atropuncta,2,0.301029996,1,0,82,1.913813852,37,1.568201724,-2.787460475,-1.823262688,,
Camarophyllopsis foetens,1,0,1,0,96,1.982271233,35,1.544068044,-2.787460475,-1.847748879,,
Camarops microspora,1,0,1,0,17,1.230448921,13,1.113943352,-2.787460475,-2.281732433,,
Camarops polysperma,1,0,1,0,75,1.875061263,36,1.556302501,-2.787460475,-1.835338203,,
Camarops tubulina,1,0,1,0,11,1.041392685,9,0.954242509,-2.787460475,-2.442131218,,
Camarosporium aequivocum,1,0,1,0,3,0.477121255,3,0.477121255,-2.787460475,-2.920297288,,
Camarosporium lauri,1,0,1,0,10,1,9,0.954242509,-2.787460475,-2.442131218,,
Cantharellus amethysteus,1,0,1,0,107,2.029383778,60,1.77815125,-2.787460475,-1.609238576,,
Cantharellus cibarius,145,2.161368002,43,1.633468456,3904,3.591509809,885,2.946943271,-1.123167653,-0.261229256,,
Cantharellus cinereus,3,0.477121255,3,0.477121255,133,2.123851641,82,1.913813852,-2.308919956,-1.469642444,,
Cantharellus ferruginascens,1,0,1,0,51,1.707570176,27,1.431363764,-2.787460475,-1.961860352,,
Cantharellus tubaeformis,65,1.812913357,33,1.51851394,1544,3.188647296,457,2.6599162,-1.245662193,-0.650352167,,
Capronia nigerrima,1,0,1,0,127,2.103803721,75,1.875061263,-2.787460475,-1.50965048,,
Catinella olivacea,2,0.301029996,2,0.301029996,131,2.117271296,69,1.838849091,-2.485721426,-1.546935868,,
Cenangium ferruginosum,1,0,1,0,73,1.86332286,46,1.662757832,-2.787460475,-1.727116727,,
Cephalotrichum purpureofuscum,1,0,1,0,21,1.322219295,10,1,-2.787460475,-2.396199347,,
Ceraceomyces borealis,1,0,1,0,41,1.612783857,12,1.079181246,-2.787460475,-2.31666913,,
Ceraceomyces crispatus,12,1.079181246,9,0.954242509,28,1.447158031,20,1.301029996,-1.827512865,-2.093421685,,
Ceraceomyces sublaevis,2,0.301029996,2,0.301029996,25,1.397940009,16,1.204119983,-2.485721426,-2.191031609,,
Cercophora caudata,1,0,1,0,21,1.322219295,17,1.230448921,-2.787460475,-2.164527798,,
Cercospora mercurialis,3,0.477121255,3,0.477121255,173,2.238046103,115,2.06069784,-2.308919956,-1.316790543,,
Cercospora rhamni,1,0,1,0,4,0.602059991,3,0.477121255,-2.787460475,-2.920297288,,
Cercospora scandens,3,0.477121255,3,0.477121255,21,1.322219295,13,1.113943352,-2.308919956,-2.281732433,,
Cercosporella primulae,1,0,1,0,13,1.113943352,7,0.84509804,-2.787460475,-2.551624238,,
Ceriporia excelsa,1,0,1,0,107,2.029383778,57,1.755874856,-2.787460475,-1.632048611,,
Ceriporia reticulata,6,0.77815125,6,0.77815125,275,2.439332694,169,2.227886705,-2.005752329,-1.139655569,,
Ceriporia viridans,3,0.477121255,3,0.477121255,289,2.460897843,127,2.103803721,-2.308919956,-1.271494017,,
Ceriporiopsis aneirina,12,1.079181246,12,1.079181246,19,1.278753601,6,0.77815125,-1.700415245,-2.618745199,,
Ceriporiopsis gilvescens,15,1.176091259,13,1.113943352,338,2.5289167,142,2.152288344,-1.66493112,-1.220255456,,
Ceriporiopsis mucida,2,0.301029996,2,0.301029996,9,0.954242509,8,0.903089987,-2.485721426,-2.493458051,,
Cerrena unicolor,10,1,7,0.84509804,117,2.068185862,46,1.662757832,-1.938090651,-1.727116727,,
Ceuthospora lauri,7,0.84509804,2,0.301029996,47,1.672097858,30,1.477121255,-2.485721426,-1.915575699,,
Ceuthospora mahoniae,3,0.477121255,3,0.477121255,10,1,8,0.903089987,-2.308919956,-2.493458051,,
Chaetosphaerella phaeostroma,3,0.477121255,2,0.301029996,1153,3.061829307,441,2.644438589,-2.485721426,-0.669217757,,
Chaetosphaeria innumera,4,0.602059991,4,0.602059991,112,2.049218023,56,1.748188027,-2.183269844,-1.639913175,,
Chalciporus piperatus,25,1.397940009,16,1.204119983,1999,3.300812794,627,2.797267541,-1.572581201,-0.475270237,,
Chamaemyces fracidus,14,1.146128036,6,0.77815125,193,2.285557309,88,1.944482672,-2.005752329,-1.437894631,,
Cheilymenia fimicola,18,1.255272505,14,1.146128036,339,2.530199698,178,2.250420002,-1.632023215,-1.115442213,,
Cheilymenia granulata,12,1.079181246,9,0.954242509,823,2.915399835,388,2.588831726,-1.827512865,-0.735862188,,
Cheilymenia raripila,1,0,1,0,130,2.113943352,87,1.939519253,-2.787460475,-1.443038069,,
Cheilymenia stercorea,2,0.301029996,2,0.301029996,152,2.181843588,84,1.924279286,-2.485721426,-1.458817644,,
Cheilymenia theleboloides,2,0.301029996,1,0,42,1.62324929,24,1.380211242,-2.787460475,-2.013539399,,
Cheilymenia vitellina,1,0,1,0,139,2.1430148,87,1.939519253,-2.787460475,-1.443038069,,
Chlorociboria aeruginascens,256,2.408239965,59,1.770852012,3604,3.556784782,789,2.897077003,-0.973440971,-0.336173006,,
Chlorophyllum brunneum,15,1.176091259,11,1.041392685,164,2.214843848,81,1.908485019,-1.738924627,-1.475150849,,
Chlorophyllum rachodes,211,2.324282455,68,1.832508913,3364,3.526855987,770,2.886490725,-0.90468373,-0.351555378,,
Chondrostereum purpureum,83,1.919078092,48,1.681241237,2824,3.450864692,752,2.876217841,-1.071575194,-0.366323588,,
Chroogomphus rutilus,58,1.763427994,16,1.204119983,929,2.968015714,299,2.475671188,-1.572581201,-0.866948854,,
Chrysomphalina grossula,2,0.301029996,2,0.301029996,40,1.602059991,18,1.255272505,-2.485721426,-2.139529272,,
Chrysomyxa pirolata,1,0,1,0,13,1.113943352,7,0.84509804,-2.787460475,-2.551624238,,
Ciboria caucus,1,0,1,0,241,2.382017043,121,2.08278537,-2.787460475,-1.293609072,,
Ciboria viridifusca,1,0,1,0,62,1.792391689,40,1.602059991,-2.787460475,-1.788875116,,
Cladobotryum mycophilum,1,0,1,0,27,1.431363764,23,1.361727836,-2.787460475,-2.032198171,,
Cladonia coniocraea,1,0,1,0,194,2.28780173,84,1.924279286,-2.787460475,-1.458817644,,
Cladonia digitata,1,0,1,0,10,1,8,0.903089987,-2.787460475,-2.493458051,,
Cladonia fimbriata,2,0.301029996,2,0.301029996,121,2.08278537,61,1.785329835,-2.485721426,-1.601881965,,
Cladonia floerkeana,1,0,1,0,72,1.857332496,45,1.653212514,-2.787460475,-1.736838983,,
Cladonia pocillum,2,0.301029996,2,0.301029996,17,1.230448921,10,1,-2.485721426,-2.396199347,,
Cladonia portentosa,2,0.301029996,2,0.301029996,133,2.123851641,53,1.72427587,-2.485721426,-1.6643581,,
Cladonia pyxidata,2,0.301029996,2,0.301029996,74,1.86923172,30,1.477121255,-2.485721426,-1.915575699,,
Cladonia rangiformis,1,0,1,0,50,1.698970004,13,1.113943352,-2.787460475,-2.281732433,,
Cladosporium cladosporioides,1,0,1,0,306,2.485721426,55,1.740362689,-2.787460475,-1.647916174,,
Cladosporium orchidis,2,0.301029996,2,0.301029996,10,1,4,0.602059991,-2.485721426,-2.79518459,,
Cladotrichum triseptatum,2,0.301029996,2,0.301029996,3,0.477121255,1,0,-2.485721426,-3.397766256,,
Clathrus ruber,2,0.301029996,1,0,123,2.089905111,72,1.857332496,-2.787460475,-1.527916186,,
Claussenomyces prasinulus,1,0,1,0,103,2.012837225,74,1.86923172,-2.787460475,-1.515659077,,
Clavaria acuta,4,0.602059991,3,0.477121255,739,2.868644438,338,2.5289167,-2.308919956,-0.805938989,,
Clavaria argillacea,8,0.903089987,5,0.698970004,376,2.575187845,193,2.285557309,-2.085647288,-1.077490286,,
Clavaria crosslandii,3,0.477121255,2,0.301029996,17,1.230448921,10,1,-2.485721426,-2.396199347,,
Clavaria fragilis,29,1.462397998,23,1.361727836,1260,3.100370545,504,2.702430536,-1.409859645,-0.597730001,,
Clavaria fumosa,4,0.602059991,4,0.602059991,780,2.892094603,295,2.469822016,-2.183269844,-0.873586578,,
Clavaria incarnata,1,0,1,0,124,2.093421685,52,1.716003344,-2.787460475,-1.67280807,,
Clavaria rosea,1,0,1,0,63,1.799340549,30,1.477121255,-2.787460475,-1.915575699,,
Clavaria straminea,12,1.079181246,11,1.041392685,162,2.209515015,61,1.785329835,-1.738924627,-1.601881965,,
Clavaria tenuipes,2,0.301029996,2,0.301029996,84,1.924279286,38,1.579783597,-2.485721426,-1.811504452,,
Clavaria zollingeri,1,0,1,0,229,2.359835482,90,1.954242509,-2.787460475,-1.427774533,,
Claviceps purpurea var. purpurea,10,1,8,0.903089987,1872,3.272305844,671,2.82672252,-1.879382637,-0.435491185,,
Clavicorona taxophila,8,0.903089987,2,0.301029996,27,1.431363764,17,1.230448921,-2.485721426,-2.164527798,,
Clavulina cinerea,69,1.838849091,36,1.556302501,2098,3.321805484,695,2.841984805,-1.205625338,-0.414492402,,
Clavulina coralloides,124,2.093421685,53,1.72427587,2818,3.449940989,812,2.909556029,-1.024686992,-0.317816413,,
Clavulina rugosa,66,1.819543936,31,1.491361694,1450,3.161368002,559,2.747411808,-1.274306861,-0.540613728,,
Clavulinopsis corniculata,62,1.792391689,28,1.447158031,2392,3.378761175,768,2.88536122,-1.320739585,-0.353186668,,
Clavulinopsis fusiformis,34,1.531478917,19,1.278753601,1131,3.053462605,461,2.663700925,-1.495763365,-0.6457163,,
Clavulinopsis helvola,9,0.954242509,8,0.903089987,3463,3.539452492,969,2.986323777,-1.879382637,-0.198651414,,
Clavulinopsis laeticolor,3,0.477121255,2,0.301029996,512,2.709269961,231,2.36361198,-2.485721426,-0.992222516,,
Clavulinopsis luteoalba,12,1.079181246,9,0.954242509,1152,3.061452479,430,2.633468456,-1.827512865,-0.68250189,,
Clavulinopsis umbrinella,6,0.77815125,5,0.698970004,266,2.424881637,119,2.075546961,-2.085647288,-1.301212434,,
Clitocybe agrestis,14,1.146128036,12,1.079181246,67,1.826074803,39,1.591064607,-1.700415245,-1.800047007,,
Clitocybe brumalis,101,2.004321374,50,1.698970004,51,1.707570176,32,1.505149978,-1.0523091,-1.887195177,,
Clitocybe candicans,12,1.079181246,11,1.041392685,198,2.29666519,108,2.033423755,-1.738924627,-1.34533742,,
Clitocybe costata,3,0.477121255,3,0.477121255,150,2.176091259,74,1.86923172,-2.308919956,-1.515659077,,
Clitocybe diatreta,16,1.204119983,15,1.176091259,115,2.06069784,70,1.84509804,-1.601335563,-1.540508234,,
Clitocybe ditopa,12,1.079181246,12,1.079181246,443,2.646403726,213,2.328379603,-1.700415245,-1.030886561,,
Clitocybe ericetorum,1,0,1,0,16,1.204119983,12,1.079181246,-2.787460475,-2.31666913,,
Clitocybe fragrans,124,2.093421685,54,1.73239376,3300,3.51851394,851,2.92992956,-1.015794267,-0.287291096,,
Clitocybe frysica,1,0,1,0,11,1.041392685,6,0.77815125,-2.787460475,-2.618745199,,
Clitocybe geotropa,126,2.100370545,59,1.770852012,1421,3.152594078,418,2.621176282,-0.973440971,-0.697304443,,
Clitocybe gibba,227,2.356025857,68,1.832508913,2912,3.464191371,714,2.853698212,-0.90468373,-0.398183243,,
Clitocybe houghtonii,1,0,1,0,138,2.139879086,51,1.707570176,-2.787460475,-1.681418609,,
Clitocybe inornata,3,0.477121255,3,0.477121255,26,1.414973348,14,1.146128036,-2.308919956,-2.249373089,,
Clitocybe metachroa,11,1.041392685,11,1.041392685,1661,3.220369632,502,2.700703717,-1.738924627,-0.599891767,,
Clitocybe nebularis,347,2.540329475,104,2.017033339,5947,3.774297938,1006,3.002597981,-0.690536837,-0.171752617,,
Clitocybe nitriolens,1,0,1,0,5,0.698970004,5,0.698970004,-2.787460475,-2.698100546,,
Clitocybe odora,62,1.792391689,28,1.447158031,1822,3.260548373,546,2.737192643,-1.320739585,-0.553731917,,
Clitocybe phaeophthalma,6,0.77815125,5,0.698970004,583,2.765668555,247,2.392696953,-2.085647288,-0.960064238,,
Clitocybe phyllophila,93,1.968482949,48,1.681241237,1248,3.096214585,459,2.661812686,-1.071575194,-0.648030319,,
Clitocybe rivulosa,212,2.326335861,81,1.908485019,1935,3.286680969,622,2.793790385,-0.81824219,-0.479905203,,
Clitocybe sinopica,7,0.84509804,5,0.698970004,114,2.056904851,56,1.748188027,-2.085647288,-1.639913175,,
Clitocybe squamulosa,1,0,1,0,31,1.491361694,20,1.301029996,-2.787460475,-2.093421685,,
Clitocybe vibecina,183,2.26245109,65,1.812913357,1266,3.102433706,504,2.702430536,-0.926658988,-0.597730001,,
Clitocybula lacerata,3,0.477121255,3,0.477121255,2,0.301029996,2,0.301029996,-2.308919956,-3.096562438,,
Clitopilus hobsonii,14,1.146128036,13,1.113943352,391,2.592176757,195,2.290034611,-1.66493112,-1.072636318,,
Clitopilus prunulus,98,1.991226076,42,1.62324929,2990,3.475671188,774,2.888740961,-1.134146738,-0.348299831,,
Clitopilus scyphoides var. scyphoides,5,0.698970004,3,0.477121255,120,2.079181246,59,1.770852012,-2.308919956,-1.616715768,,
Clonostachys compactiuscula,2,0.301029996,1,0,17,1.230448921,10,1,-2.787460475,-2.396199347,,
Colacogloea peniophorae,1,0,1,0,53,1.72427587,36,1.556302501,-2.787460475,-1.835338203,,
Coleophoma cylindrospora,6,0.77815125,5,0.698970004,113,2.053078443,56,1.748188027,-2.085647288,-1.639913175,,
Coleosporium tussilaginis,30,1.477121255,20,1.301029996,1845,3.26599637,633,2.80140371,-1.472756449,-0.469740608,,
Coleroa circinans,1,0,1,0,9,0.954242509,8,0.903089987,-2.787460475,-2.493458051,,
Coleroa robertiani,16,1.204119983,5,0.698970004,604,2.781036939,309,2.489958479,-2.085647288,-0.850683898,,
Collaria arcyrionema,1,0,1,0,23,1.361727836,15,1.176091259,-2.787460475,-2.219235134,,
Colletotrichum crassipes,3,0.477121255,3,0.477121255,3,0.477121255,3,0.477121255,-2.308919956,-2.920297288,,
Colletotrichum dematium,3,0.477121255,3,0.477121255,111,2.045322979,52,1.716003344,-2.308919956,-1.67280807,,
Colletotrichum helicis,5,0.698970004,5,0.698970004,7,0.84509804,3,0.477121255,-2.085647288,-2.920297288,,
Colletotrichum liliacearum,4,0.602059991,3,0.477121255,185,2.267171728,106,2.025305865,-2.308919956,-1.353818281,,
Colletotrichum malvarum,5,0.698970004,3,0.477121255,2,0.301029996,2,0.301029996,-2.308919956,-3.096562438,,
Colletotrichum typhae,2,0.301029996,1,0,9,0.954242509,6,0.77815125,-2.787460475,-2.618745199,,
Collybia cirrhata,2,0.301029996,1,0,735,2.866287339,274,2.437750563,-2.787460475,-0.909774597,,
Collybia cookei,3,0.477121255,3,0.477121255,610,2.785329835,313,2.495544338,-2.308919956,-0.844304445,,
Collybia tuberosa,3,0.477121255,2,0.301029996,130,2.113943352,92,1.963787827,-2.485721426,-1.417868655,,
Colpoma quercinum,1,0,1,0,375,2.574031268,225,2.352182518,-2.787460475,-1.004798883,,
Coltricia perennis,9,0.954242509,9,0.954242509,700,2.84509804,234,2.369215857,-1.827512865,-0.986044048,,
Conferticium ochraceum,6,0.77815125,5,0.698970004,6,0.77815125,2,0.301029996,-2.085647288,-3.096562438,,
Conidiobolus obscurus,3,0.477121255,2,0.301029996,11,1.041392685,11,1.041392685,-2.485721426,-2.354632211,,
Coniochaeta savoryi,1,0,1,0,2,0.301029996,1,0,-2.787460475,-3.397766256,,
Coniophora puteana,23,1.361727836,21,1.322219295,1373,3.137670537,487,2.687528961,-1.450835399,-0.616314814,,
Coniothyrium buddleiae,2,0.301029996,2,0.301029996,1,0,1,0,-2.485721426,-3.397766256,,
Coniothyrium ilicis,1,0,1,0,11,1.041392685,9,0.954242509,-2.787460475,-2.442131218,,
Conocybe ambigua,2,0.301029996,1,0,44,1.643452676,24,1.380211242,-2.787460475,-2.013539399,,
Conocybe apala,123,2.089905111,5,0.698970004,486,2.686636269,206,2.31386722,-2.085647288,-1.046726193,,
Conocybe arrhenii,2,0.301029996,2,0.301029996,524,2.719331287,257,2.409933123,-2.485721426,-0.94089615,,
Conocybe brunnea,8,0.903089987,6,0.77815125,81,1.908485019,45,1.653212514,-2.005752329,-1.736838983,,
Conocybe brunneola,17,1.230448921,11,1.041392685,105,2.021189299,53,1.72427587,-1.738924627,-1.6643581,,
Conocybe dumetorum,1,0,1,0,20,1.301029996,10,1,-2.787460475,-2.396199347,,
Conocybe exannulata,1,0,1,0,20,1.301029996,10,1,-2.787460475,-2.396199347,,
Conocybe filaris,11,1.041392685,7,0.84509804,282,2.450249108,143,2.155336037,-1.938090651,-1.217023545,,
Conocybe mairei,5,0.698970004,4,0.602059991,73,1.86332286,41,1.612783857,-2.183269844,-1.777974672,,
Conocybe mesospora,3,0.477121255,2,0.301029996,126,2.100370545,64,1.806179974,-2.485721426,-1.58049731,,
Conocybe percincta,3,0.477121255,3,0.477121255,86,1.934498451,43,1.633468456,-2.308919956,-1.756936701,,
Conocybe pilosella,22,1.342422681,19,1.278753601,118,2.071882007,64,1.806179974,-1.495763365,-1.58049731,,
Conocybe pubescens,5,0.698970004,4,0.602059991,236,2.372912003,93,1.968482949,-2.183269844,-1.412993142,,
Conocybe pulchella,3,0.477121255,3,0.477121255,147,2.167317335,68,1.832508913,-2.308919956,-1.553454658,,
Conocybe pygmaeoaffinis,24,1.380211242,18,1.255272505,64,1.806179974,26,1.414973348,-1.519973755,-1.978426347,,
Conocybe rickeniana,7,0.84509804,6,0.77815125,200,2.301029996,100,2,-2.005752329,-1.380211242,,
Conocybe rickenii,1,0,1,0,180,2.255272505,96,1.982271233,-2.787460475,-1.39866323,,
Conocybe siennophylla,4,0.602059991,4,0.602059991,113,2.053078443,44,1.643452676,-2.183269844,-1.746775686,,
Conocybe subovalis,13,1.113943352,11,1.041392685,334,2.523746467,181,2.257678575,-1.738924627,-1.107622174,,
Conocybe tenera,83,1.919078092,61,1.785329835,1061,3.025715384,448,2.651278014,-0.957395296,-0.660899342,,
Conocybe togularis,9,0.954242509,5,0.698970004,52,1.716003344,30,1.477121255,-2.085647288,-1.915575699,,
Conocybe velata,3,0.477121255,2,0.301029996,140,2.146128036,79,1.897627091,-2.485721426,-1.486367698,,
Conocybe vestita,14,1.146128036,11,1.041392685,54,1.73239376,27,1.431363764,-1.738924627,-1.961860352,,
Conocybe watlingii,1,0,1,0,9,0.954242509,8,0.903089987,-2.787460475,-2.493458051,,
Contumyces rosellus,1,0,1,0,20,1.301029996,17,1.230448921,-2.787460475,-2.164527798,,
Coprinellus angulatus,1,0,1,0,169,2.227886705,98,1.991226076,-2.787460475,-1.389346927,,
Coprinellus bisporus,4,0.602059991,4,0.602059991,29,1.462397998,21,1.322219295,-2.183269844,-2.072057232,,
Coprinellus disseminatus,67,1.826074803,46,1.662757832,2854,3.455453969,720,2.857332496,-1.091590504,-0.393087506,,
Coprinellus domesticus,25,1.397940009,18,1.255272505,727,2.861534411,308,2.488550717,-1.519973755,-0.852289833,,
Coprinellus ellisii,1,0,1,0,79,1.897627091,51,1.707570176,-2.787460475,-1.681418609,,
Coprinellus ephemerus,21,1.322219295,15,1.176091259,51,1.707570176,36,1.556302501,-1.601335563,-1.835338203,,
Coprinellus flocculosus,2,0.301029996,2,0.301029996,73,1.86332286,36,1.556302501,-2.485721426,-1.835338203,,
Coprinellus heptemerus,3,0.477121255,3,0.477121255,177,2.247973266,119,2.075546961,-2.308919956,-1.301212434,,
Coprinellus hiascens,4,0.602059991,4,0.602059991,138,2.139879086,68,1.832508913,-2.183269844,-1.553454658,,
Coprinellus impatiens,18,1.255272505,6,0.77815125,258,2.411619706,123,2.089905111,-2.005752329,-1.28612407,,
Coprinellus micaceus,380,2.579783597,126,2.100370545,7501,3.875119165,1220,3.086359831,-0.588049277,-0.020850139,,
Coprinellus radians,9,0.954242509,9,0.954242509,170,2.230448921,93,1.968482949,-1.827512865,-1.412993142,,
Coprinellus silvaticus,75,1.875061263,68,1.832508913,161,2.206825876,71,1.851258349,-0.90468373,-1.534169166,,
Coprinellus subdisseminatus,1,0,1,0,21,1.322219295,17,1.230448921,-2.787460475,-2.164527798,,
Coprinellus truncorum,2,0.301029996,2,0.301029996,119,2.075546961,75,1.875061263,-2.485721426,-1.50965048,,
Coprinellus xanthothrix,4,0.602059991,4,0.602059991,141,2.149219113,87,1.939519253,-2.183269844,-1.443038069,,
Coprinopsis acuminata,2,0.301029996,2,0.301029996,449,2.652246341,210,2.322219295,-2.485721426,-1.037616188,,
Coprinopsis atramentaria,138,2.139879086,79,1.897627091,3494,3.543322901,886,2.947433722,-0.830726691,-0.260469808,,
Coprinopsis cinerea,12,1.079181246,10,1,209,2.320146286,126,2.100370545,-1.781036939,-1.27511017,,
Coprinopsis cordispora,3,0.477121255,3,0.477121255,320,2.505149978,172,2.235528447,-2.308919956,-1.131454529,,
Coprinopsis erythrocephala,3,0.477121255,1,0,48,1.681241237,28,1.447158031,-2.787460475,-1.945890435,,
Coprinopsis friesii,2,0.301029996,2,0.301029996,121,2.08278537,62,1.792391689,-2.485721426,-1.594642012,,
Coprinopsis laanii,1,0,1,0,67,1.826074803,40,1.602059991,-2.787460475,-1.788875116,,
Coprinopsis lagopus var. lagopus,57,1.755874856,38,1.579783597,1943,3.288472801,635,2.802773725,-1.180638887,-0.467905111,,
Coprinopsis macrocephala,3,0.477121255,3,0.477121255,88,1.944482672,46,1.662757832,-2.308919956,-1.727116727,,
Coprinopsis marcescibilis,5,0.698970004,4,0.602059991,176,2.245512668,92,1.963787827,-2.183269844,-1.417868655,,
Coprinopsis narcotica,5,0.698970004,4,0.602059991,40,1.602059991,24,1.380211242,-2.183269844,-2.013539399,,
Coprinopsis nivea,27,1.431363764,17,1.230448921,601,2.778874472,303,2.481442629,-1.54552541,-0.860387428,,
Coprinopsis picacea,50,1.698970004,24,1.380211242,845,2.926856709,259,2.413299764,-1.39064077,-0.937142092,,
Coprinopsis radiata,10,1,8,0.903089987,265,2.423245874,118,2.071882007,-1.879382637,-1.30505975,,
Coprinopsis saccharomyces,1,0,1,0,17,1.230448921,11,1.041392685,-2.787460475,-2.354632211,,
Coprinopsis spelaiophila,1,0,1,0,50,1.698970004,28,1.447158031,-2.787460475,-1.945890435,,
Coprinopsis stercorea,4,0.602059991,3,0.477121255,41,1.612783857,31,1.491361694,-2.308919956,-1.901159396,,
Coprinopsis trispora,1,0,1,0,20,1.301029996,14,1.146128036,-2.787460475,-2.249373089,,
Coprinopsis tuberosa,1,0,1,0,700,2.84509804,343,2.53529412,-2.787460475,-0.798556025,,
Coprinopsis urticicola,3,0.477121255,3,0.477121255,103,2.012837225,63,1.799340549,-2.308919956,-1.58751498,,
Coprinus comatus,186,2.269512944,64,1.806179974,4178,3.620968436,958,2.981365509,-0.934182716,-0.206718865,,
Coprinus cortinatus,8,0.903089987,8,0.903089987,105,2.021189299,59,1.770852012,-1.879382637,-1.616715768,,
Coprinus ephemeroides,3,0.477121255,2,0.301029996,93,1.968482949,63,1.799340549,-2.485721426,-1.58751498,,
Coprinus patouillardii,1,0,1,0,114,2.056904851,78,1.892094603,-2.787460475,-1.492079536,,
Coprinus sterquilinus,2,0.301029996,2,0.301029996,32,1.505149978,22,1.342422681,-2.485721426,-2.051678621,,
Cordyceps militaris,30,1.477121255,21,1.322219295,896,2.95230801,359,2.555094449,-1.450835399,-0.775522219,,
Cordyceps tuberculata,2,0.301029996,2,0.301029996,11,1.041392685,6,0.77815125,-2.485721426,-2.618745199,,
Coriolopsis gallica,6,0.77815125,6,0.77815125,129,2.11058971,40,1.602059991,-2.005752329,-1.788875116,,
Coronophora annexa,1,0,1,0,6,0.77815125,6,0.77815125,-2.787460475,-2.618745199,,
Corticium roseum,8,0.903089987,7,0.84509804,70,1.84509804,48,1.681241237,-1.938090651,-1.708279228,,
Cortinarius acetosus,1,0,1,0,16,1.204119983,10,1,-2.787460475,-2.396199347,,
Cortinarius acutus,4,0.602059991,4,0.602059991,135,2.130333768,82,1.913813852,-2.183269844,-1.469642444,,
Cortinarius alboviolaceus,42,1.62324929,23,1.361727836,337,2.527629901,179,2.252853031,-1.409859645,-1.112822109,,
Cortinarius amoenolens,2,0.301029996,2,0.301029996,90,1.954242509,49,1.69019608,-2.485721426,-1.699147231,,
Cortinarius anomalus,46,1.662757832,28,1.447158031,1179,3.071513805,480,2.681241237,-1.320739585,-0.624110132,,
Cortinarius anthracinus,13,1.113943352,9,0.954242509,168,2.225309282,92,1.963787827,-1.827512865,-1.417868655,,
Cortinarius argutus,1,0,1,0,8,0.903089987,7,0.84509804,-2.787460475,-2.551624238,,
Cortinarius armeniacus,1,0,1,0,7,0.84509804,5,0.698970004,-2.787460475,-2.698100546,,
Cortinarius armillatus,16,1.204119983,7,0.84509804,271,2.432969291,135,2.130333768,-1.938090651,-1.243497377,,
Cortinarius balteatocumatilis,13,1.113943352,7,0.84509804,29,1.462397998,13,1.113943352,-1.938090651,-2.281732433,,
Cortinarius bolaris,11,1.041392685,10,1,396,2.597695186,170,2.230448921,-1.781036939,-1.136907,,
Cortinarius brunneus var. brunneus,9,0.954242509,7,0.84509804,69,1.838849091,46,1.662757832,-1.938090651,-1.727116727,,
Cortinarius brunneus var. glandicolor,3,0.477121255,3,0.477121255,156,2.193124598,87,1.939519253,-2.308919956,-1.443038069,,
Cortinarius bulbosus,1,0,1,0,18,1.255272505,10,1,-2.787460475,-2.396199347,,
Cortinarius bulliardii,3,0.477121255,2,0.301029996,15,1.176091259,12,1.079181246,-2.485721426,-2.31666913,,
Cortinarius caerulescens,8,0.903089987,8,0.903089987,37,1.568201724,18,1.255272505,-1.879382637,-2.139529272,,
Cortinarius calochrous var. calochrous,1,0,1,0,89,1.949390007,40,1.602059991,-2.787460475,-1.788875116,,
Cortinarius calochrous var. parvus,1,0,1,0,11,1.041392685,9,0.954242509,-2.787460475,-2.442131218,,
Cortinarius camphoratus,1,0,1,0,50,1.698970004,36,1.556302501,-2.787460475,-1.835338203,,
Cortinarius caninus,76,1.880813592,34,1.531478917,53,1.72427587,41,1.612783857,-1.231949077,-1.777974672,,
Cortinarius caperatus,1,0,1,0,303,2.481442629,83,1.919078092,-2.787460475,-1.464198558,,
Cortinarius cinnabarinus,3,0.477121255,2,0.301029996,45,1.653212514,24,1.380211242,-2.485721426,-2.013539399,,
Cortinarius cinnamomeoluteus,1,0,1,0,106,2.025305865,73,1.86332286,-2.787460475,-1.521746916,,
Cortinarius cinnamomeus,20,1.301029996,10,1,391,2.592176757,212,2.326335861,-1.781036939,-1.033120159,,
Cortinarius collinitus,1,0,1,0,43,1.633468456,32,1.505149978,-2.787460475,-1.887195177,,
Cortinarius croceocaeruleus,4,0.602059991,4,0.602059991,50,1.698970004,25,1.397940009,-2.183269844,-1.995635195,,
Cortinarius croceus,4,0.602059991,2,0.301029996,382,2.582063363,152,2.181843588,-2.485721426,-1.188854505,,
Cortinarius decipiens var. decipiens,48,1.681241237,23,1.361727836,461,2.663700925,211,2.324282455,-1.409859645,-1.035363337,,
Cortinarius delibutus,10,1,7,0.84509804,361,2.557507202,207,2.315970345,-1.938090651,-1.044433709,,
Cortinarius elatior,24,1.380211242,10,1,350,2.544068044,181,2.257678575,-1.781036939,-1.107622174,,
Cortinarius elegantior,4,0.602059991,3,0.477121255,8,0.903089987,6,0.77815125,-2.308919956,-2.618745199,,
Cortinarius elegantissimus,16,1.204119983,12,1.079181246,53,1.72427587,23,1.361727836,-1.700415245,-2.032198171,,
Cortinarius flexipes var. flabellus,6,0.77815125,5,0.698970004,526,2.720985744,270,2.431363764,-2.085647288,-0.916941099,,
Cortinarius flexipes var. flexipes,40,1.602059991,24,1.380211242,359,2.555094449,195,2.290034611,-1.39064077,-1.072636318,,
Cortinarius galeobdolon,7,0.84509804,3,0.477121255,78,1.892094603,50,1.698970004,-2.308919956,-1.69019608,,
Cortinarius gentilis,2,0.301029996,2,0.301029996,187,2.271841607,45,1.653212514,-2.485721426,-1.736838983,,
Cortinarius hemitrichus,20,1.301029996,16,1.204119983,772,2.8876173,341,2.532754379,-1.572581201,-0.801498263,,
Cortinarius hinnuleus,31,1.491361694,19,1.278753601,326,2.5132176,178,2.250420002,-1.495763365,-1.115442213,,
Cortinarius humicola,2,0.301029996,2,0.301029996,9,0.954242509,5,0.698970004,-2.485721426,-2.698100546,,
Cortinarius illuminus,3,0.477121255,3,0.477121255,10,1,7,0.84509804,-2.308919956,-2.551624238,,
Cortinarius infractus,4,0.602059991,3,0.477121255,147,2.167317335,68,1.832508913,-2.308919956,-1.553454658,,
Cortinarius largus,10,1,8,0.903089987,105,2.021189299,71,1.851258349,-1.879382637,-1.534169166,,
Cortinarius livido-ochraceus,12,1.079181246,10,1,64,1.806179974,41,1.612783857,-1.781036939,-1.777974672,,
Cortinarius malachius,3,0.477121255,3,0.477121255,48,1.681241237,24,1.380211242,-2.308919956,-2.013539399,,
Cortinarius malicorius,2,0.301029996,1,0,77,1.886490725,41,1.612783857,-2.787460475,-1.777974672,,
Cortinarius mucifluoides,2,0.301029996,2,0.301029996,1025,3.010723865,394,2.595496222,-2.485721426,-0.727962145,,
Cortinarius obtusus,9,0.954242509,7,0.84509804,304,2.482873584,157,2.195899652,-1.938090651,-1.173872636,,
Cortinarius ochroleucus,6,0.77815125,4,0.602059991,111,2.045322979,68,1.832508913,-2.183269844,-1.553454658,,
Cortinarius olearioides,3,0.477121255,3,0.477121255,41,1.612783857,16,1.204119983,-2.308919956,-2.191031609,,
Cortinarius orellanus,2,0.301029996,1,0,24,1.380211242,16,1.204119983,-2.787460475,-2.191031609,,
Cortinarius paleaceus,3,0.477121255,2,0.301029996,15,1.176091259,12,1.079181246,-2.485721426,-2.31666913,,
Cortinarius pearsonii,2,0.301029996,2,0.301029996,31,1.491361694,14,1.146128036,-2.485721426,-2.249373089,,
Cortinarius percomis,1,0,1,0,4,0.602059991,4,0.602059991,-2.787460475,-2.79518459,,
Cortinarius pholideus,7,0.84509804,5,0.698970004,106,2.025305865,64,1.806179974,-2.085647288,-1.58049731,,
Cortinarius pratensis,4,0.602059991,4,0.602059991,9,0.954242509,7,0.84509804,-2.183269844,-2.551624238,,
Cortinarius psammocephalus,1,0,1,0,24,1.380211242,11,1.041392685,-2.787460475,-2.354632211,,
Cortinarius purpurascens,14,1.146128036,9,0.954242509,317,2.501059262,163,2.212187604,-1.827512865,-1.156471108,,
Cortinarius purpureus,1,0,1,0,89,1.949390007,36,1.556302501,-2.787460475,-1.835338203,,
Cortinarius raphanoides,25,1.397940009,14,1.146128036,204,2.309630167,115,2.06069784,-1.632023215,-1.316790543,,
Cortinarius rigens,11,1.041392685,7,0.84509804,130,2.113943352,68,1.832508913,-1.938090651,-1.553454658,,
Cortinarius rubellus,1,0,1,0,105,2.021189299,59,1.770852012,-2.787460475,-1.616715768,,
Cortinarius salor,5,0.698970004,3,0.477121255,15,1.176091259,12,1.079181246,-2.308919956,-2.31666913,,
Cortinarius sanguineus,37,1.568201724,16,1.204119983,557,2.745855195,218,2.338456494,-1.572581201,-1.019859146,,
Cortinarius saniosus,12,1.079181246,10,1,107,2.029383778,69,1.838849091,-1.781036939,-1.546935868,,
Cortinarius saporatus,3,0.477121255,3,0.477121255,19,1.278753601,11,1.041392685,-2.308919956,-2.354632211,,
Cortinarius saturninus,8,0.903089987,7,0.84509804,121,2.08278537,62,1.792391689,-1.938090651,-1.594642012,,
Cortinarius scandens,3,0.477121255,1,0,27,1.431363764,15,1.176091259,-2.787460475,-2.219235134,,
Cortinarius semisanguineus,8,0.903089987,8,0.903089987,592,2.772321707,246,2.390935107,-1.879382637,-0.962018805,,
Cortinarius stillatitius,16,1.204119983,12,1.079181246,27,1.431363764,18,1.255272505,-1.700415245,-2.139529272,,
Cortinarius subbalaustinus,1,0,1,0,76,1.880813592,52,1.716003344,-2.787460475,-1.67280807,,
Cortinarius tabularis,7,0.84509804,7,0.84509804,158,2.198657087,87,1.939519253,-1.938090651,-1.443038069,,
Cortinarius talus,4,0.602059991,4,0.602059991,55,1.740362689,32,1.505149978,-2.183269844,-1.887195177,,
Cortinarius torvus,20,1.301029996,16,1.204119983,433,2.636487896,168,2.225309282,-1.572581201,-1.142419264,,
Cortinarius triumphans,24,1.380211242,16,1.204119983,381,2.580924976,194,2.28780173,-1.572581201,-1.075057573,,
Cortinarius trivialis,3,0.477121255,2,0.301029996,172,2.235528447,98,1.991226076,-2.485721426,-1.389346927,,
Cortinarius uliginosus,2,0.301029996,2,0.301029996,226,2.354108439,129,2.11058971,-2.485721426,-1.264341844,,
Cortinarius variicolor,1,0,1,0,162,2.209515015,95,1.977723605,-2.787460475,-1.403391475,,
Cortinarius variiformis,4,0.602059991,3,0.477121255,3,0.477121255,3,0.477121255,-2.308919956,-2.920297288,,
Cortinarius venetus,1,0,1,0,26,1.414973348,14,1.146128036,-2.787460475,-2.249373089,,
Cortinarius violaceus,1,0,1,0,107,2.029383778,52,1.716003344,-2.787460475,-1.67280807,,
Cortinarius vulpinus subsp. vulpinus,1,0,1,0,12,1.079181246,11,1.041392685,-2.787460475,-2.354632211,,
Cortinarius xanthocephalus,2,0.301029996,1,0,17,1.230448921,9,0.954242509,-2.787460475,-2.442131218,,
Cotylidia pannosa,1,0,1,0,20,1.301029996,10,1,-2.787460475,-2.396199347,,
Craterellus cornucopioides,33,1.51851394,15,1.176091259,769,2.88592634,262,2.418301291,-1.601335563,-0.931558791,,
Crepidotus applanatus var. applanatus,3,0.477121255,3,0.477121255,500,2.698970004,218,2.338456494,-2.308919956,-1.019859146,,
Crepidotus autochthonus,1,0,1,0,112,2.049218023,47,1.672097858,-2.787460475,-1.71759969,,
Crepidotus calolepis,15,1.176091259,6,0.77815125,45,1.653212514,27,1.431363764,-2.005752329,-1.961860352,,
Crepidotus caspari,1,0,1,0,282,2.450249108,148,2.170261715,-2.787460475,-1.201175602,,
Crepidotus cesatii,13,1.113943352,11,1.041392685,850,2.929418926,371,2.56937391,-1.738924627,-0.758801752,,
Crepidotus epibryus,7,0.84509804,5,0.698970004,534,2.727541257,220,2.342422681,-2.085647288,-1.015512166,,
Crepidotus luteolus,8,0.903089987,7,0.84509804,489,2.689308859,253,2.403120521,-1.938090651,-0.948482551,,
Crepidotus mollis,83,1.919078092,50,1.698970004,1805,3.256477206,642,2.807535028,-1.0523091,-0.461510682,,
Crepidotus variabilis,323,2.509202522,84,1.924279286,3834,3.583652109,819,2.913283902,-0.799996584,-0.312283812,,
Crepidotus versutus,4,0.602059991,4,0.602059991,133,2.123851641,87,1.939519253,-2.183269844,-1.443038069,,
Crinipellis scabella,1,0,1,0,302,2.480006943,177,2.247973266,-2.787460475,-1.118075943,,
Cristinia eichleri,5,0.698970004,4,0.602059991,39,1.591064607,21,1.322219295,-2.183269844,-2.072057232,,
Cristinia helvetica,2,0.301029996,2,0.301029996,128,2.10720997,61,1.785329835,-2.485721426,-1.601881965,,
Cristulariella depraedans,2,0.301029996,2,0.301029996,79,1.897627091,52,1.716003344,-2.485721426,-1.67280807,,
Crocicreas coronatum,3,0.477121255,3,0.477121255,438,2.641474111,207,2.315970345,-2.308919956,-1.044433709,,
Crocicreas culmicola,1,0,1,0,97,1.986771734,57,1.755874856,-2.787460475,-1.632048611,,
Crocicreas cyathoideum var. cyathoideum,12,1.079181246,7,0.84509804,1954,3.290924559,590,2.770852012,-1.938090651,-0.510181356,,
Crocicreas dolosellum,1,0,1,0,275,2.439332694,115,2.06069784,-2.787460475,-1.316790543,,
Crucibulum laeve,16,1.204119983,7,0.84509804,547,2.737987326,292,2.465382851,-1.938090651,-0.878616218,,
Cryptocoryneum condensatum,1,0,1,0,106,2.025305865,45,1.653212514,-2.787460475,-1.736838983,,
Cryptodiaporthe populea,1,0,1,0,21,1.322219295,12,1.079181246,-2.787460475,-2.31666913,,
Cryptomycina pteridis,1,0,1,0,6,0.77815125,5,0.698970004,-2.787460475,-2.698100546,,
Cryptosphaeria eunomia,3,0.477121255,3,0.477121255,110,2.041392685,69,1.838849091,-2.308919956,-1.546935868,,
Cryptosporella suffusa,2,0.301029996,2,0.301029996,54,1.73239376,26,1.414973348,-2.485721426,-1.978426347,,
Cucurbitaria berberidis,2,0.301029996,2,0.301029996,28,1.447158031,14,1.146128036,-2.485721426,-2.249373089,,
Cucurbitaria obducens,1,0,1,0,22,1.342422681,17,1.230448921,-2.787460475,-2.164527798,,
Cudoniella acicularis,29,1.462397998,18,1.255272505,1165,3.066325925,377,2.57634135,-1.519973755,-0.750608644,,
Cudoniella tenuispora,1,0,1,0,22,1.342422681,13,1.113943352,-2.787460475,-2.281732433,,
Cumminsiella mirabilissima,27,1.431363764,13,1.113943352,367,2.564666064,154,2.187520721,-1.66493112,-1.182807287,,
Cyathus olla,8,0.903089987,6,0.77815125,395,2.596597096,248,2.394451681,-2.005752329,-0.958116705,,
Cyathus striatus,22,1.342422681,14,1.146128036,597,2.775974331,285,2.45484486,-1.632023215,-0.890528871,,
Cylindrium flavovirens,1,0,1,0,4,0.602059991,3,0.477121255,-2.787460475,-2.920297288,,
Cylindrobasidium laeve,12,1.079181246,10,1,905,2.956648579,411,2.613841822,-1.781036939,-0.706096618,,
Cyphella ferruginea,1,0,1,0,22,1.342422681,13,1.113943352,-2.787460475,-2.281732433,,
Cystoderma amianthinum,113,2.053078443,38,1.579783597,3552,3.550472957,940,2.973127854,-1.180638887,-0.219996745,,
Cystoderma simulatum,2,0.301029996,2,0.301029996,8,0.903089987,6,0.77815125,-2.485721426,-2.618745199,,
Cystolepiota bucknallii,16,1.204119983,8,0.903089987,306,2.485721426,144,2.158362492,-1.879382637,-1.213812794,,
Cystolepiota hetieri,31,1.491361694,6,0.77815125,228,2.357934847,107,2.029383778,-2.005752329,-1.349558921,,
Cystolepiota seminuda,53,1.72427587,23,1.361727836,756,2.878521796,292,2.465382851,-1.409859645,-0.878616218,,
Cytoplacosphaeria rimosa,1,0,1,0,3,0.477121255,2,0.301029996,-2.787460475,-3.096562438,,
Cytospora oxyacanthae,1,0,1,0,17,1.230448921,12,1.079181246,-2.787460475,-2.31666913,,
Cytospora populina,1,0,1,0,349,2.542825427,57,1.755874856,-2.787460475,-1.632048611,,
Dacrymyces capitatus,10,1,9,0.954242509,112,2.049218023,64,1.806179974,-1.827512865,-1.58049731,,
Dacrymyces minor,5,0.698970004,5,0.698970004,60,1.77815125,28,1.447158031,-2.085647288,-1.945890435,,
Dacrymyces punctiformis,1,0,1,0,56,1.748188027,25,1.397940009,-2.787460475,-1.995635195,,
Dacrymyces stillatus,237,2.374748346,82,1.913813852,6548,3.816108671,1176,3.070407322,-0.81209778,-0.051480663,,
Dacrymyces variisporus,2,0.301029996,2,0.301029996,33,1.51851394,20,1.301029996,-2.485721426,-2.093421685,,
Dacryobolus karstenii,3,0.477121255,2,0.301029996,148,2.170261715,59,1.770852012,-2.485721426,-1.616715768,,
Daedalea quercina,68,1.832508913,38,1.579783597,1554,3.191451014,575,2.759667845,-1.180638887,-0.524762889,,
Daedaleopsis confragosa,419,2.622214023,96,1.982271233,8471,3.927934682,1098,3.04060234,-0.732058527,-0.106145674,,
Daldinia concentrica,293,2.46686762,90,1.954242509,6773,3.830781076,1058,3.024485668,-0.765088778,-0.134479593,,
Daldinia fissa,2,0.301029996,1,0,181,2.257678575,98,1.991226076,-2.787460475,-1.389346927,,
Datronia mollis,11,1.041392685,6,0.77815125,1663,3.220892249,588,2.769377326,-2.005752329,-0.512110562,,
Davidiella macrocarpa,2,0.301029996,2,0.301029996,98,1.991226076,45,1.653212514,-2.485721426,-1.736838983,,
Davidiella macrospora,2,0.301029996,2,0.301029996,53,1.72427587,20,1.301029996,-2.485721426,-2.093421685,,
Delicatula integrella,30,1.477121255,22,1.342422681,195,2.290034611,112,2.049218023,-1.429899026,-1.3288163,,
Dematioscypha richonis var. richonis,3,0.477121255,2,0.301029996,5,0.698970004,2,0.301029996,-2.485721426,-3.096562438,,
Dendrothele acerina,1,0,1,0,243,2.385606274,125,2.096910013,-2.787460475,-1.278753601,,
Dendryphion comosum,2,0.301029996,2,0.301029996,566,2.752816431,229,2.359835482,-2.485721426,-0.996381652,,
Dermoloma cuneifolium,20,1.301029996,16,1.204119983,1307,3.116275588,422,2.625312451,-1.572581201,-0.692333092,,
Dermoloma pseudocuneifolium,9,0.954242509,8,0.903089987,58,1.763427994,34,1.531478917,-1.879382637,-1.860514155,,
Diaporthe arctii,12,1.079181246,11,1.041392685,127,2.103803721,83,1.919078092,-1.738924627,-1.464198558,,
Diaporthe chailletii,4,0.602059991,3,0.477121255,4,0.602059991,2,0.301029996,-2.308919956,-3.096562438,,
Diaporthe detrusa,1,0,1,0,7,0.84509804,5,0.698970004,-2.787460475,-2.698100546,,
Diaporthe eres,2,0.301029996,2,0.301029996,379,2.57863921,151,2.178976947,-2.485721426,-1.191906069,,
Diaporthe incarcerata,2,0.301029996,2,0.301029996,45,1.653212514,25,1.397940009,-2.485721426,-1.995635195,,
Diaporthe oncostoma,1,0,1,0,9,0.954242509,5,0.698970004,-2.787460475,-2.698100546,,
Diaporthe pardalota,9,0.954242509,8,0.903089987,71,1.851258349,36,1.556302501,-1.879382637,-1.835338203,,
Diaporthe rudis,1,0,1,0,36,1.556302501,15,1.176091259,-2.787460475,-2.219235134,,
Diaporthe scandens,2,0.301029996,1,0,2,0.301029996,1,0,-2.787460475,-3.397766256,,
Diaporthopsis angelicae,3,0.477121255,1,0,42,1.62324929,17,1.230448921,-2.787460475,-2.164527798,,
Diatrype bullata,13,1.113943352,5,0.698970004,383,2.583198774,185,2.267171728,-2.085647288,-1.097379267,,
Diatrype disciformis,214,2.330413773,83,1.919078092,3333,3.522835314,741,2.869818208,-0.806016429,-0.375447631,,
Diatrype stigma,145,2.161368002,46,1.662757832,3147,3.497896743,761,2.881384657,-1.091590504,-0.358914925,,
Diatrypella favacea,74,1.86923172,41,1.612783857,1266,3.102433706,456,2.658964843,-1.145370765,-0.651516049,,
Diatrypella quercina,7,0.84509804,6,0.77815125,1137,3.055760465,421,2.624282096,-2.005752329,-0.693572393,,
Dichomitus campestris,1,0,1,0,158,2.198657087,79,1.897627091,-2.787460475,-1.486367698,,
Dictyochaeta simplex,2,0.301029996,1,0,78,1.892094603,37,1.568201724,-2.787460475,-1.823262688,,
Didymella bryoniae,4,0.602059991,2,0.301029996,14,1.146128036,9,0.954242509,-2.485721426,-2.442131218,,
Didymella exigua,3,0.477121255,2,0.301029996,4,0.602059991,4,0.602059991,-2.485721426,-2.79518459,,
Didymella fabae,1,0,1,0,20,1.301029996,10,1,-2.787460475,-2.396199347,,
Diehliomyces microsporus,1,0,1,0,3,0.477121255,3,0.477121255,-2.787460475,-2.920297288,,
Digitodesmium elegans,2,0.301029996,2,0.301029996,6,0.77815125,5,0.698970004,-2.485721426,-2.698100546,,
Diplocarpon earlianum,2,0.301029996,2,0.301029996,56,1.748188027,29,1.462397998,-2.485721426,-1.930474748,,
Diplocarpon mespili,1,0,1,0,25,1.397940009,18,1.255272505,-2.787460475,-2.139529272,,
Diplocarpon rosae,19,1.278753601,7,0.84509804,225,2.352182518,125,2.096910013,-1.938090651,-1.278753601,,
Diplodia ilicicola,11,1.041392685,7,0.84509804,13,1.113943352,8,0.903089987,-1.938090651,-2.493458051,,
Diplodia melaena,1,0,1,0,12,1.079181246,5,0.698970004,-2.787460475,-2.698100546,,
Diplomitoporus lindbladii,1,0,1,0,149,2.173186268,60,1.77815125,-2.787460475,-1.609238576,,
Disciotis venosa,16,1.204119983,11,1.041392685,413,2.615950052,183,2.26245109,-1.738924627,-1.102474944,,
Discosia artocreas,13,1.113943352,9,0.954242509,50,1.698970004,27,1.431363764,-1.827512865,-1.961860352,,
Discostroma corticola,1,0,1,0,75,1.875061263,32,1.505149978,-2.787460475,-1.887195177,,
Ditiola peziziformis,14,1.146128036,12,1.079181246,179,2.252853031,88,1.944482672,-1.700415245,-1.437894631,,
Dothidea sambuci,1,0,1,0,6,0.77815125,5,0.698970004,-2.787460475,-2.698100546,,
Dothidella ulmi,12,1.079181246,9,0.954242509,127,2.103803721,71,1.851258349,-1.827512865,-1.534169166,,
Dothiora ribesia,2,0.301029996,2,0.301029996,21,1.322219295,12,1.079181246,-2.485721426,-2.31666913,,
Dothiora taxicola,3,0.477121255,2,0.301029996,1,0,1,0,-2.485721426,-3.397766256,,
Drepanopeziza populorum,2,0.301029996,2,0.301029996,19,1.278753601,14,1.146128036,-2.485721426,-2.249373089,,
Drepanopeziza ribis,1,0,1,0,37,1.568201724,15,1.176091259,-2.787460475,-2.219235134,,
Duebenia compta,1,0,1,0,3,0.477121255,1,0,-2.787460475,-3.397766256,,
Dumontinia tuberosa,3,0.477121255,2,0.301029996,170,2.230448921,89,1.949390007,-2.485721426,-1.432807204,,
Durella atrocyanea,2,0.301029996,2,0.301029996,59,1.770852012,33,1.51851394,-2.485721426,-1.87365521,,
Durella connivens,1,0,1,0,43,1.633468456,20,1.301029996,-2.787460475,-2.093421685,,
Echinoderma asperum,62,1.792391689,32,1.505149978,933,2.969881644,320,2.505149978,-1.259773006,-0.833306515,,
Echinoderma echinaceum,14,1.146128036,8,0.903089987,128,2.10720997,59,1.770852012,-1.879382637,-1.616715768,,
Echinoderma hystrix,1,0,1,0,33,1.51851394,23,1.361727836,-2.787460475,-2.032198171,,
Echinoderma pseudoasperulum,14,1.146128036,4,0.602059991,27,1.431363764,13,1.113943352,-2.183269844,-2.281732433,,
Efibulobasidium albescens,1,0,1,0,11,1.041392685,6,0.77815125,-2.787460475,-2.618745199,,
Eichleriella deglubens,28,1.447158031,22,1.342422681,287,2.457881897,146,2.164352856,-1.429899026,-1.207453603,,
Elaphomyces muricatus,1,0,1,0,177,2.247973266,105,2.021189299,-2.787460475,-1.358116219,,
Elsinoë rosarum,1,0,1,0,3,0.477121255,2,0.301029996,-2.787460475,-3.096562438,,
Encoelia fascicularis,1,0,1,0,28,1.447158031,15,1.176091259,-2.787460475,-2.219235134,,
Encoelia furfuracea,5,0.698970004,4,0.602059991,518,2.71432976,228,2.357934847,-2.183269844,-0.99847348,,
Entoleuca mammata,6,0.77815125,5,0.698970004,66,1.819543936,29,1.462397998,-2.085647288,-1.930474748,,
Entoloma aprile,5,0.698970004,3,0.477121255,56,1.748188027,36,1.556302501,-2.308919956,-1.835338203,,
Entoloma araneosum,40,1.602059991,26,1.414973348,56,1.748188027,37,1.568201724,-1.354403978,-1.823262688,,
Entoloma atrocoeruleum,1,0,1,0,158,2.198657087,72,1.857332496,-2.787460475,-1.527916186,,
Entoloma bloxamii,5,0.698970004,4,0.602059991,261,2.416640507,109,2.037426498,-2.183269844,-1.341153078,,
Entoloma cetratum,10,1,9,0.954242509,955,2.980003372,357,2.552668216,-1.827512865,-0.778353955,,
Entoloma chalybeum var. chalybeum,10,1,9,0.954242509,419,2.622214023,200,2.301029996,-1.827512865,-1.06069784,,
Entoloma chalybeum var. lazulinum,1,0,1,0,349,2.542825427,195,2.290034611,-2.787460475,-1.072636318,,
Entoloma clypeatum f. clypeatum,10,1,9,0.954242509,464,2.666517981,213,2.328379603,-1.827512865,-1.030886561,,
Entoloma conferendum var. conferendum,37,1.568201724,21,1.322219295,3484,3.542078146,1046,3.019531685,-1.450835399,-0.143032722,,
Entoloma dichroum,5,0.698970004,4,0.602059991,19,1.278753601,11,1.041392685,-2.183269844,-2.354632211,,
Entoloma dysthales,8,0.903089987,3,0.477121255,40,1.602059991,28,1.447158031,-2.308919956,-1.945890435,,
Entoloma euchroum,1,0,1,0,147,2.167317335,90,1.954242509,-2.787460475,-1.427774533,,
Entoloma hebes,9,0.954242509,8,0.903089987,521,2.716837723,233,2.367355921,-1.879382637,-0.988095599,,
Entoloma hirtipes,21,1.322219295,16,1.204119983,263,2.419955748,145,2.161368002,-1.572581201,-1.210622909,,
Entoloma incanum,36,1.556302501,26,1.414973348,372,2.57054294,159,2.201397124,-1.354403978,-1.168004289,,
Entoloma infula var. infula,1,0,1,0,276,2.440909082,107,2.029383778,-2.787460475,-1.349558921,,
Entoloma jubatum,1,0,1,0,285,2.45484486,127,2.103803721,-2.787460475,-1.271494017,,
Entoloma juncinum,14,1.146128036,13,1.113943352,146,2.164352856,84,1.924279286,-1.66493112,-1.458817644,,
Entoloma lampropus,9,0.954242509,9,0.954242509,276,2.440909082,128,2.10720997,-1.827512865,-1.267904715,,
Entoloma longistriatum var. sarcitulum ,9,0.954242509,9,0.954242509,219,2.340444115,50,1.698970004,-1.827512865,-1.69019608,,
Entoloma lucidum,3,0.477121255,3,0.477121255,118,2.071882007,64,1.806179974,-2.308919956,-1.58049731,,
Entoloma minutum,8,0.903089987,8,0.903089987,72,1.857332496,47,1.672097858,-1.879382637,-1.71759969,,
Entoloma mougeotii var. mougeotii,9,0.954242509,8,0.903089987,145,2.161368002,80,1.903089987,-1.879382637,-1.480725379,,
Entoloma neglectum,22,1.342422681,15,1.176091259,16,1.204119983,8,0.903089987,-1.601335563,-2.493458051,,
Entoloma nigellum,1,0,1,0,13,1.113943352,5,0.698970004,-2.787460475,-2.698100546,,
Entoloma nigrellum,1,0,1,0,2,0.301029996,2,0.301029996,-2.787460475,-3.096562438,,
Entoloma nitidum,1,0,1,0,56,1.748188027,42,1.62324929,-2.787460475,-1.767332588,,
Entoloma ortonii,8,0.903089987,7,0.84509804,155,2.190331698,94,1.973127854,-1.938090651,-1.408167769,,
Entoloma papillatum,14,1.146128036,13,1.113943352,714,2.853698212,323,2.509202522,-1.66493112,-0.828655907,,
Entoloma pleopodium,9,0.954242509,6,0.77815125,199,2.298853076,120,2.079181246,-2.005752329,-1.297395711,,
Entoloma politum,2,0.301029996,1,0,181,2.257678575,95,1.977723605,-2.787460475,-1.403391475,,
Entoloma porphyrophaeum,20,1.301029996,17,1.230448921,1019,3.008174184,391,2.592176757,-1.54552541,-0.731899822,,
Entoloma prunuloides,3,0.477121255,3,0.477121255,569,2.755112266,227,2.356025857,-2.308919956,-1.000573579,,
Entoloma rhodopolium,26,1.414973348,17,1.230448921,1908,3.28057837,670,2.826074803,-1.54552541,-0.436376287,,
Entoloma sericatum,1,0,1,0,242,2.383815366,121,2.08278537,-2.787460475,-1.293609072,,
Entoloma sericellum,17,1.230448921,12,1.079181246,1543,3.188365926,619,2.791690649,-1.700415245,-0.482698147,,
Entoloma sericeum var. sericeum,64,1.806179974,36,1.556302501,1778,3.249931757,704,2.847572659,-1.205625338,-0.406733673,,
Entoloma serrulatum,7,0.84509804,6,0.77815125,1106,3.043755127,436,2.639486489,-2.005752329,-0.675223204,,
Entoloma sinuatum,6,0.77815125,5,0.698970004,213,2.328379603,114,2.056904851,-2.085647288,-1.320765588,,
Entoloma solstitiale,1,0,1,0,24,1.380211242,15,1.176091259,-2.787460475,-2.219235134,,
Entoloma sphagneti,1,0,1,0,14,1.146128036,6,0.77815125,-2.787460475,-2.618745199,,
Entoloma turbidum,3,0.477121255,3,0.477121255,203,2.307496038,95,1.977723605,-2.308919956,-1.403391475,,
Entoloma turci,7,0.84509804,6,0.77815125,147,2.167317335,62,1.792391689,-2.005752329,-1.594642012,,
Entoloma undatum,13,1.113943352,9,0.954242509,195,2.290034611,102,2.008600172,-1.827512865,-1.371249007,,
Entomophthora muscae,4,0.602059991,4,0.602059991,141,2.149219113,85,1.929418926,-2.183269844,-1.453498209,,
Entyloma calendulae,1,0,1,0,42,1.62324929,6,0.77815125,-2.787460475,-2.618745199,,
Entyloma ficariae,5,0.698970004,2,0.301029996,622,2.793790385,319,2.503790683,-2.485721426,-0.834864983,,
Epichloë typhina,26,1.414973348,10,1,353,2.547774705,207,2.315970345,-1.781036939,-1.044433709,,
Epicoccum nigrum,5,0.698970004,4,0.602059991,555,2.744292983,115,2.06069784,-2.183269844,-1.316790543,,
Episclerotium sclerotipus,1,0,1,0,10,1,7,0.84509804,-2.787460475,-2.551624238,,
Episphaeria fraxinicola,1,0,1,0,18,1.255272505,16,1.204119983,-2.787460475,-2.191031609,,
Erynia phalloides,4,0.602059991,3,0.477121255,2,0.301029996,2,0.301029996,-2.308919956,-3.096562438,,
Eriopeziza caesia,2,0.301029996,2,0.301029996,115,2.06069784,72,1.857332496,-2.485721426,-1.527916186,,
Erysiphe adunca var. adunca,6,0.77815125,5,0.698970004,364,2.561101384,211,2.324282455,-2.085647288,-1.035363337,,
Erysiphe alphitoides,112,2.049218023,37,1.568201724,3067,3.486713776,897,2.952792443,-1.192974089,-0.252141079,,
Erysiphe aquilegiae var. aquilegiae,15,1.176091259,9,0.954242509,116,2.064457989,69,1.838849091,-1.827512865,-1.546935868,,
Erysiphe aquilegiae var. ranunculi,15,1.176091259,11,1.041392685,421,2.624282096,241,2.382017043,-1.738924627,-0.971899188,,
Erysiphe berberidis,18,1.255272505,5,0.698970004,130,2.113943352,77,1.886490725,-2.085647288,-1.497862689,,
Erysiphe biocellata,5,0.698970004,4,0.602059991,110,2.041392685,76,1.880813592,-2.183269844,-1.503719023,,
Erysiphe circaeae,10,1,6,0.77815125,442,2.645422269,264,2.421603927,-2.005752329,-0.927867872,,
Erysiphe convolvuli,3,0.477121255,2,0.301029996,58,1.763427994,49,1.69019608,-2.485721426,-1.699147231,,
Erysiphe cruciferarum,12,1.079181246,6,0.77815125,245,2.389166084,140,2.146128036,-2.005752329,-1.226783967,,
Erysiphe euonymi,8,0.903089987,5,0.698970004,62,1.792391689,43,1.633468456,-2.085647288,-1.756936701,,
Erysiphe euonymi-japonici,1,0,1,0,57,1.755874856,36,1.556302501,-2.787460475,-1.835338203,,
Erysiphe friesii,1,0,1,0,14,1.146128036,5,0.698970004,-2.787460475,-2.698100546,,
Erysiphe heraclei,83,1.919078092,47,1.672097858,2196,3.341632336,739,2.868644438,-1.081485201,-0.377114918,,
Erysiphe howeana,2,0.301029996,2,0.301029996,17,1.230448921,13,1.113943352,-2.485721426,-2.281732433,,
Erysiphe hyperici,3,0.477121255,3,0.477121255,176,2.245512668,115,2.06069784,-2.308919956,-1.316790543,,
Erysiphe lonicerae,2,0.301029996,1,0,70,1.84509804,51,1.707570176,-2.787460475,-1.681418609,,
Erysiphe pisi var. pisi,1,0,1,0,64,1.806179974,47,1.672097858,-2.787460475,-1.71759969,,
Erysiphe polygoni,15,1.176091259,9,0.954242509,394,2.595496222,221,2.344392274,-1.827512865,-1.013352051,,
Erysiphe prunastri,7,0.84509804,5,0.698970004,40,1.602059991,31,1.491361694,-2.085647288,-1.901159396,,
Erysiphe syringae,2,0.301029996,1,0,29,1.462397998,18,1.255272505,-2.787460475,-2.139529272,,
Erysiphe tortilis,8,0.903089987,7,0.84509804,275,2.439332694,146,2.164352856,-1.938090651,-1.207453603,,
Erysiphe trifolii var. trifolii,5,0.698970004,4,0.602059991,525,2.720159303,275,2.439332694,-2.183269844,-0.907997321,,
Erysiphe ulmariae,3,0.477121255,2,0.301029996,127,2.103803721,106,2.025305865,-2.485721426,-1.353818281,,
Erysiphe urticae,2,0.301029996,2,0.301029996,183,2.26245109,121,2.08278537,-2.485721426,-1.293609072,,
Erythricium aurantiacum,1,0,1,0,6,0.77815125,5,0.698970004,-2.787460475,-2.698100546,,
Erythricium laetum,5,0.698970004,5,0.698970004,30,1.477121255,17,1.230448921,-2.085647288,-2.164527798,,
Eupropolella britannica,2,0.301029996,1,0,12,1.079181246,7,0.84509804,-2.787460475,-2.551624238,,
Eutypa maura,1,0,1,0,473,2.674861141,255,2.40654018,-2.787460475,-0.944676165,,
Eutypa spinosa,2,0.301029996,2,0.301029996,434,2.63748973,197,2.294466226,-2.485721426,-1.067827712,,
Eutypella prunastri,3,0.477121255,1,0,113,2.053078443,50,1.698970004,-2.787460475,-1.69019608,,
Eutypella scoparia,4,0.602059991,2,0.301029996,178,2.250420002,95,1.977723605,-2.485721426,-1.403391475,,
Evernia prunastri,2,0.301029996,2,0.301029996,320,2.505149978,119,2.075546961,-2.485721426,-1.301212434,,
Excipularia fusispora,1,0,1,0,6,0.77815125,4,0.602059991,-2.787460475,-2.79518459,,
Exidia glandulosa,72,1.857332496,38,1.579783597,2903,3.462847036,716,2.854913022,-1.180638887,-0.396481828,,
Exidia nucleata,30,1.477121255,22,1.342422681,1509,3.17868924,534,2.727541257,-1.429899026,-0.566042256,,
Exidia recisa,16,1.204119983,10,1,215,2.33243846,120,2.079181246,-1.781036939,-1.297395711,,
Exidia saccharina,4,0.602059991,3,0.477121255,44,1.643452676,31,1.491361694,-2.308919956,-1.901159396,,
Exidia thuretiana,161,2.206825876,62,1.792391689,1653,3.218272854,551,2.741151599,-0.949547388,-0.54866024,,
Exidiopsis calcea,9,0.954242509,7,0.84509804,55,1.740362689,26,1.414973348,-1.938090651,-1.978426347,,
Exidiopsis effusa,1,0,1,0,124,2.093421685,66,1.819543936,-2.787460475,-1.566776638,,
Exidiopsis galzinii,5,0.698970004,5,0.698970004,16,1.204119983,9,0.954242509,-2.085647288,-2.442131218,,
Exobasidium camelliae,1,0,1,0,39,1.591064607,24,1.380211242,-2.787460475,-2.013539399,,
Exobasidium japonicum,2,0.301029996,1,0,116,2.064457989,70,1.84509804,-2.787460475,-1.540508234,,
Faerberia carbonaria,1,0,1,0,104,2.017033339,48,1.681241237,-2.787460475,-1.708279228,,
Fayodia bisphaerigera,1,0,1,0,63,1.799340549,26,1.414973348,-2.787460475,-1.978426347,,
Fenestella fenestrata,1,0,1,0,7,0.84509804,5,0.698970004,-2.787460475,-2.698100546,,
Fibrodontia gossypina,1,0,1,0,90,1.954242509,32,1.505149978,-2.787460475,-1.887195177,,
Fistulina hepatica,80,1.903089987,36,1.556302501,2934,3.46746011,735,2.866287339,-1.205625338,-0.380457371,,
Flagelloscypha minutissima,1,0,1,0,192,2.283301229,100,2,-2.787460475,-1.380211242,,
Flammulaster carpophilus var. carpophilus,3,0.477121255,3,0.477121255,142,2.152288344,68,1.832508913,-2.308919956,-1.553454658,,
Flammulaster ferrugineus,2,0.301029996,2,0.301029996,65,1.812913357,36,1.556302501,-2.485721426,-1.835338203,,
Flammulaster granulosus,3,0.477121255,3,0.477121255,167,2.222716471,80,1.903089987,-2.308919956,-1.480725379,,
Flammulaster muricatus,3,0.477121255,3,0.477121255,40,1.602059991,19,1.278753601,-2.308919956,-2.115873163,,
Flammulina velutipes var. velutipes,172,2.235528447,95,1.977723605,3822,3.582290683,910,2.959041392,-0.737443753,-0.242355732,,
Flavoparmelia caperata,2,0.301029996,2,0.301029996,120,2.079181246,53,1.72427587,-2.485721426,-1.6643581,,
Fomes fomentarius,9,0.954242509,7,0.84509804,1643,3.215637563,416,2.619093331,-1.938090651,-0.699804384,,
Fomitiporia robusta,1,0,1,0,56,1.748188027,18,1.255272505,-2.787460475,-2.139529272,,
Fomitopsis pinicola,2,0.301029996,2,0.301029996,40,1.602059991,15,1.176091259,-2.485721426,-2.219235134,,
Furia americana,1,0,1,0,16,1.204119983,11,1.041392685,-2.787460475,-2.354632211,,
Fuscoporia contigua,2,0.301029996,2,0.301029996,46,1.662757832,26,1.414973348,-2.485721426,-1.978426347,,
Fuscoporia ferrea,104,2.017033339,43,1.633468456,2028,3.307067951,520,2.716003344,-1.123167653,-0.580661847,,
Fuscoporia ferruginosa,256,2.408239965,74,1.86923172,1217,3.085290578,364,2.561101384,-0.86316204,-0.768499865,,
Galerina clavata,5,0.698970004,2,0.301029996,552,2.741939078,231,2.36361198,-2.485721426,-0.992222516,,
Galerina clavus,1,0,1,0,3,0.477121255,3,0.477121255,-2.787460475,-2.920297288,,
Galerina graminea,30,1.477121255,23,1.361727836,433,2.636487896,220,2.342422681,-1.409859645,-1.015512166,,
Galerina hypnorum,238,2.376576957,81,1.908485019,1063,3.026533265,445,2.648360011,-0.81824219,-0.664451815,,
Galerina jaapii,5,0.698970004,5,0.698970004,44,1.643452676,26,1.414973348,-2.085647288,-1.978426347,,
Galerina marginata,74,1.86923172,45,1.653212514,938,2.972202838,349,2.542825427,-1.101899753,-0.789814983,,
Galerina mniophila,32,1.505149978,22,1.342422681,337,2.527629901,165,2.217483944,-1.429899026,-1.150802941,,
Galerina paludosa,16,1.204119983,14,1.146128036,430,2.633468456,200,2.301029996,-1.632023215,-1.06069784,,
Galerina permixta,1,0,1,0,41,1.612783857,23,1.361727836,-2.787460475,-2.032198171,,
Galerina praticola,11,1.041392685,6,0.77815125,71,1.851258349,45,1.653212514,-2.005752329,-1.736838983,,
Galerina pseudomycenopsis,1,0,1,0,28,1.447158031,20,1.301029996,-2.787460475,-2.093421685,,
Galerina pumila,187,2.271841607,69,1.838849091,511,2.7084209,248,2.394451681,-0.897547412,-0.958116705,,
Galerina sideroides,5,0.698970004,1,0,74,1.86923172,48,1.681241237,-2.787460475,-1.708279228,,
Galerina sphagnorum,1,0,1,0,117,2.068185862,83,1.919078092,-2.787460475,-1.464198558,,
Galerina stylifera,2,0.301029996,1,0,74,1.86923172,22,1.342422681,-2.787460475,-2.051678621,,
Galerina uncialis,58,1.763427994,34,1.531478917,64,1.806179974,38,1.579783597,-1.231949077,-1.811504452,,
Galerina vittiformis,14,1.146128036,13,1.113943352,722,2.858537198,324,2.51054501,-1.66493112,-0.827113881,,
Gamundia striatula,6,0.77815125,6,0.77815125,64,1.806179974,31,1.491361694,-2.005752329,-1.901159396,,
Ganoderma applanatum,189,2.276461804,85,1.929418926,2204,3.34321159,631,2.800029359,-0.794036746,-0.471579942,,
Ganoderma australe,137,2.136720567,63,1.799340549,4554,3.658393026,882,2.945468585,-0.941811049,-0.263509932,,
Ganoderma lucidum,1,0,1,0,323,2.509202522,143,2.155336037,-2.787460475,-1.217023545,,
Ganoderma pfeifferi,2,0.301029996,2,0.301029996,267,2.426511261,77,1.886490725,-2.485721426,-1.497862689,,
Geastrum campestre,1,0,1,0,10,1,5,0.698970004,-2.787460475,-2.698100546,,
Geastrum fimbriatum,47,1.672097858,21,1.322219295,571,2.756636108,263,2.419955748,-1.450835399,-0.929710236,,
Geastrum floriforme,1,0,1,0,39,1.591064607,23,1.361727836,-2.787460475,-2.032198171,,
Geastrum fornicatum,1,0,1,0,146,2.164352856,66,1.819543936,-2.787460475,-1.566776638,,
Geastrum pectinatum,1,0,1,0,156,2.193124598,74,1.86923172,-2.787460475,-1.515659077,,
Geastrum quadrifidum,5,0.698970004,3,0.477121255,42,1.62324929,22,1.342422681,-2.308919956,-2.051678621,,
Geastrum rufescens,5,0.698970004,5,0.698970004,218,2.338456494,135,2.130333768,-2.085647288,-1.243497377,,
Geastrum schmidelii,2,0.301029996,2,0.301029996,79,1.897627091,42,1.62324929,-2.485721426,-1.767332588,,
Geastrum striatum,3,0.477121255,3,0.477121255,306,2.485721426,173,2.238046103,-2.308919956,-1.12875028,,
Geastrum triplex,134,2.127104798,56,1.748188027,1660,3.220108088,501,2.699837726,-0.998446172,-0.600975068,,
Geoglossum cookeanum,14,1.146128036,9,0.954242509,707,2.849419414,244,2.387389826,-1.827512865,-0.965949269,,
Geoglossum difforme,4,0.602059991,4,0.602059991,6,0.77815125,5,0.698970004,-2.183269844,-2.698100546,,
Geoglossum glabrum,1,0,1,0,7,0.84509804,7,0.84509804,-2.787460475,-2.551624238,,
Geoglossum nigritum,3,0.477121255,3,0.477121255,139,2.1430148,58,1.763427994,-2.308919956,-1.624317666,,
Geopora arenicola,1,0,1,0,57,1.755874856,30,1.477121255,-2.787460475,-1.915575699,,
Geopora foliacea,5,0.698970004,3,0.477121255,25,1.397940009,16,1.204119983,-2.308919956,-2.191031609,,
Geopora sumneriana,11,1.041392685,4,0.602059991,206,2.31386722,67,1.826074803,-2.183269844,-1.560067306,,
Geopora tenuis,1,0,1,0,49,1.69019608,28,1.447158031,-2.787460475,-1.945890435,,
Geopyxis carbonaria,1,0,1,0,69,1.838849091,36,1.556302501,-2.787460475,-1.835338203,,
Gibberella baccata,1,0,1,0,172,2.235528447,23,1.361727836,-2.787460475,-2.032198171,,
Gibberella pulicaris,1,0,1,0,174,2.240549248,43,1.633468456,-2.787460475,-1.756936701,,
Gliocladium roseum,2,0.301029996,2,0.301029996,219,2.340444115,30,1.477121255,-2.485721426,-1.915575699,,
Gliophorus psittacinus,64,1.806179974,33,1.51851394,5798,3.763278211,1227,3.088844563,-1.245662193,-0.015983841,,
Gloeocystidiellum porosum,75,1.875061263,39,1.591064607,339,2.530199698,147,2.167317335,-1.168603238,-1.204304592,,
Gloeohypochnicium analogum,21,1.322219295,18,1.255272505,51,1.707570176,19,1.278753601,-1.519973755,-2.115873163,,
Gloeophyllum sepiarium,2,0.301029996,2,0.301029996,703,2.846955325,255,2.40654018,-2.485721426,-0.944676165,,
Gloeophyllum trabeum,1,0,1,0,7,0.84509804,7,0.84509804,-2.787460475,-2.551624238,,
Gloeoporus dichrous,1,0,1,0,59,1.770852012,32,1.505149978,-2.787460475,-1.887195177,,
Gloiothele lactescens,3,0.477121255,2,0.301029996,243,2.385606274,114,2.056904851,-2.485721426,-1.320765588,,
Glomerella cingulata,1,0,1,0,341,2.532754379,101,2.004321374,-2.787460475,-1.375708874,,
Gloniopsis praelonga,10,1,8,0.903089987,456,2.658964843,215,2.33243846,-1.879382637,-1.026447744,,
Glyphium elatum,1,0,1,0,82,1.913813852,42,1.62324929,-2.787460475,-1.767332588,,
Gnomoniella rubicola,4,0.602059991,4,0.602059991,13,1.113943352,7,0.84509804,-2.183269844,-2.551624238,,
Golovinomyces cichoracearum var. cichoracearum,48,1.681241237,16,1.204119983,972,2.987666265,399,2.600972896,-1.572581201,-0.721453157,,
Golovinomyces cynoglossi,31,1.491361694,19,1.278753601,523,2.718501689,255,2.40654018,-1.495763365,-0.944676165,,
Golovinomyces depressus,20,1.301029996,14,1.146128036,502,2.700703717,259,2.413299764,-1.632023215,-0.937142092,,
Golovinomyces fischeri,1,0,1,0,176,2.245512668,78,1.892094603,-2.787460475,-1.492079536,,
Golovinomyces magnicellulatus,1,0,1,0,35,1.544068044,19,1.278753601,-2.787460475,-2.115873163,,
Golovinomyces orontii,7,0.84509804,2,0.301029996,101,2.004321374,60,1.77815125,-2.485721426,-1.609238576,,
Golovinomyces sordidus,26,1.414973348,14,1.146128036,778,2.890979597,407,2.609594409,-1.632023215,-0.711174819,,
Golovinomyces verbasci,10,1,7,0.84509804,99,1.995635195,64,1.806179974,-1.938090651,-1.58049731,,
Gomphidius glutinosus,14,1.146128036,8,0.903089987,176,2.245512668,81,1.908485019,-1.879382637,-1.475150849,,
Gomphidius maculatus,1,0,1,0,238,2.376576957,110,2.041392685,-2.787460475,-1.337005216,,
Gomphidius roseus,2,0.301029996,2,0.301029996,550,2.740362689,181,2.257678575,-2.485721426,-1.107622174,,
Gonatobotrys simplex,7,0.84509804,5,0.698970004,9,0.954242509,7,0.84509804,-2.085647288,-2.551624238,,
Granulobasidium vellereum,1,0,1,0,137,2.136720567,70,1.84509804,-2.787460475,-1.540508234,,
Graphis scripta,4,0.602059991,4,0.602059991,99,1.995635195,45,1.653212514,-2.183269844,-1.736838983,,
Grifola frondosa,36,1.556302501,25,1.397940009,1039,3.016615548,362,2.558708571,-1.372175286,-0.77129913,,
Guignardia istriaca,4,0.602059991,4,0.602059991,19,1.278753601,13,1.113943352,-2.183269844,-2.281732433,,
Guignardia miribelii,1,0,1,0,3,0.477121255,3,0.477121255,-2.787460475,-2.920297288,,
Guignardia philoprina,7,0.84509804,5,0.698970004,84,1.924279286,44,1.643452676,-2.085647288,-1.746775686,,
Gymnopilus bellulus,9,0.954242509,1,0,17,1.230448921,4,0.602059991,-2.787460475,-2.79518459,,
Gymnopilus fulgens,1,0,1,0,48,1.681241237,20,1.301029996,-2.787460475,-2.093421685,,
Gymnopilus hybridus,1,0,1,0,380,2.579783597,185,2.267171728,-2.787460475,-1.097379267,,
Gymnopilus junonius,96,1.982271233,51,1.707570176,1870,3.271841607,568,2.754348336,-1.042938219,-0.531658786,,
Gymnopilus penetrans,237,2.374748346,79,1.897627091,3918,3.593064432,961,2.982723388,-0.830726691,-0.204515232,,
Gymnopilus sapineus,9,0.954242509,8,0.903089987,129,2.11058971,73,1.86332286,-1.879382637,-1.521746916,,
Gymnopus androsaceus,90,1.954242509,51,1.707570176,2235,3.349277527,767,2.884795364,-1.042938219,-0.354003199,,
Gymnopus brassicolens var. brassicolens,12,1.079181246,10,1,176,2.245512668,75,1.875061263,-1.781036939,-1.50965048,,
Gymnopus confluens,134,2.127104798,59,1.770852012,4220,3.625312451,944,2.974971994,-0.973440971,-0.217037598,,
Gymnopus dryophilus,558,2.746634199,112,2.049218023,6919,3.840043331,1180,3.071882007,-0.651485694,-0.048691924,,
Gymnopus erythropus,21,1.322219295,17,1.230448921,1246,3.095518042,403,2.605305046,-1.54552541,-0.716293384,,
Gymnopus foetidus,73,1.86332286,46,1.662757832,364,2.561101384,157,2.195899652,-1.091590504,-1.173872636,,
Gymnopus fuscopurpureus,1,0,1,0,133,2.123851641,74,1.86923172,-2.787460475,-1.515659077,,
Gymnopus fusipes,182,2.260071388,66,1.819543936,2610,3.416640507,532,2.725911632,-0.919236623,-0.568113462,,
Gymnopus ocior,20,1.301029996,9,0.954242509,217,2.336459734,104,2.017033339,-1.827512865,-1.362453474,,
Gymnopus perforans,10,1,9,0.954242509,462,2.664641976,120,2.079181246,-1.827512865,-1.297395711,,
Gymnopus peronatus,206,2.31386722,76,1.880813592,5647,3.751817788,1043,3.018284308,-0.849968683,-0.145175243,,
Gymnopus putillus,7,0.84509804,6,0.77815125,11,1.041392685,7,0.84509804,-2.005752329,-2.551624238,,
Gymnopus terginus,1,0,1,0,12,1.079181246,6,0.77815125,-2.787460475,-2.618745199,,
Gymnosporangium clavariiforme,10,1,6,0.77815125,115,2.06069784,51,1.707570176,-2.005752329,-1.681418609,,
Gymnosporangium sabinae,1,0,1,0,87,1.939519253,35,1.544068044,-2.787460475,-1.847748879,,
Gyromitra esculenta,3,0.477121255,2,0.301029996,294,2.46834733,95,1.977723605,-2.485721426,-1.403391475,,
Gyroporus castaneus,7,0.84509804,6,0.77815125,370,2.568201724,120,2.079181246,-2.005752329,-1.297395711,,
Gyroporus cyanescens,2,0.301029996,2,0.301029996,67,1.826074803,34,1.531478917,-2.485721426,-1.860514155,,
Hapalopilus nidulans,13,1.113943352,11,1.041392685,608,2.783903579,278,2.444044796,-1.738924627,-0.902699259,,
Hebeloma anthracophilum,2,0.301029996,1,0,107,2.029383778,62,1.792391689,-2.787460475,-1.594642012,,
Hebeloma birrus,5,0.698970004,5,0.698970004,146,2.164352856,78,1.892094603,-2.085647288,-1.492079536,,
Hebeloma crustuliniforme,290,2.462397998,92,1.963787827,3339,3.523616419,927,2.967079734,-0.753882676,-0.229648988,,
Hebeloma fragilipes,6,0.77815125,3,0.477121255,112,2.049218023,78,1.892094603,-2.308919956,-1.492079536,,
Hebeloma helodes,1,0,1,0,58,1.763427994,20,1.301029996,-2.787460475,-2.093421685,,
Hebeloma laterinum,12,1.079181246,8,0.903089987,150,2.176091259,82,1.913813852,-1.879382637,-1.469642444,,
Hebeloma leucosarx,32,1.505149978,19,1.278753601,600,2.77815125,304,2.482873584,-1.495763365,-0.858758752,,
Hebeloma mesophaeum,29,1.462397998,18,1.255272505,1421,3.152594078,542,2.733999287,-1.519973755,-0.557813401,,
Hebeloma pusillum,34,1.531478917,17,1.230448921,258,2.411619706,160,2.204119983,-1.54552541,-1.165095875,,
Hebeloma radicosum,5,0.698970004,5,0.698970004,176,2.245512668,106,2.025305865,-2.085647288,-1.353818281,,
Hebeloma sacchariolens,91,1.959041392,47,1.672097858,1228,3.089198367,486,2.686636269,-1.081485201,-0.617423197,,
Hebeloma sinapizans,17,1.230448921,13,1.113943352,517,2.713490543,254,2.404833717,-1.66493112,-0.946576035,,
Hebeloma theobrominum,9,0.954242509,8,0.903089987,50,1.698970004,27,1.431363764,-1.879382637,-1.961860352,,
Hebeloma vaccinum,1,0,1,0,29,1.462397998,19,1.278753601,-2.787460475,-2.115873163,,
Helicobasidium longisporum,1,0,1,0,12,1.079181246,11,1.041392685,-2.787460475,-2.354632211,,
Helicobasidium purpureum,3,0.477121255,3,0.477121255,67,1.826074803,48,1.681241237,-2.308919956,-1.708279228,,
Helicogloea lagerheimii,44,1.643452676,25,1.397940009,45,1.653212514,24,1.380211242,-1.372175286,-2.013539399,,
Helminthosphaeria clavariarum,3,0.477121255,3,0.477121255,147,2.167317335,86,1.934498451,-2.308919956,-1.448238815,,
Helvella acetabulum,15,1.176091259,11,1.041392685,320,2.505149978,165,2.217483944,-1.738924627,-1.150802941,,
Helvella albella,1,0,1,0,5,0.698970004,4,0.602059991,-2.787460475,-2.79518459,,
Helvella corium,1,0,1,0,88,1.944482672,42,1.62324929,-2.787460475,-1.767332588,,
Helvella costifera,3,0.477121255,3,0.477121255,5,0.698970004,5,0.698970004,-2.308919956,-2.698100546,,
Helvella crispa,105,2.021189299,51,1.707570176,1806,3.256717746,549,2.739572344,-1.042938219,-0.550684925,,
Helvella cupuliformis,12,1.079181246,6,0.77815125,9,0.954242509,6,0.77815125,-2.005752329,-2.618745199,,
Helvella elastica,6,0.77815125,4,0.602059991,363,2.559906625,163,2.212187604,-2.183269844,-1.156471108,,
Helvella ephippium,6,0.77815125,6,0.77815125,76,1.880813592,41,1.612783857,-2.005752329,-1.777974672,,
Helvella lacunosa,27,1.431363764,19,1.278753601,1298,3.113274692,448,2.651278014,-1.495763365,-0.660899342,,
Helvella leucomelaena,1,0,1,0,124,2.093421685,55,1.740362689,-2.787460475,-1.647916174,,
Helvella macropus,7,0.84509804,4,0.602059991,336,2.526339277,182,2.260071388,-2.183269844,-1.105042044,,
Helvella pezizoides,1,0,1,0,27,1.431363764,17,1.230448921,-2.787460475,-2.164527798,,
Helvella queletii,2,0.301029996,2,0.301029996,21,1.322219295,10,1,-2.485721426,-2.396199347,,
Hemimycena candida,1,0,1,0,60,1.77815125,33,1.51851394,-2.787460475,-1.87365521,,
Hemimycena cucullata,51,1.707570176,34,1.531478917,255,2.40654018,132,2.120573931,-1.231949077,-1.253807767,,
Hemimycena delectabilis,1,0,1,0,77,1.886490725,40,1.602059991,-2.787460475,-1.788875116,,
Hemimycena gracilis,1,0,1,0,28,1.447158031,12,1.079181246,-2.787460475,-2.31666913,,
Hemimycena lactea,41,1.612783857,25,1.397940009,493,2.692846919,222,2.346352974,-1.372175286,-1.011200745,,
Hemimycena mairei,2,0.301029996,2,0.301029996,113,2.053078443,47,1.672097858,-2.485721426,-1.71759969,,
Hemimycena mauretanica,1,0,1,0,20,1.301029996,12,1.079181246,-2.787460475,-2.31666913,,
Hemimycena tortuosa,6,0.77815125,5,0.698970004,627,2.797267541,276,2.440909082,-2.085647288,-0.906225701,,
Hemipholiota populnea,2,0.301029996,2,0.301029996,51,1.707570176,22,1.342422681,-2.485721426,-2.051678621,,
Henningsomyces candidus,7,0.84509804,6,0.77815125,300,2.477121255,172,2.235528447,-2.005752329,-1.131454529,,
Hericium cirrhatum,8,0.903089987,4,0.602059991,291,2.463892989,104,2.017033339,-2.183269844,-1.362453474,,
Hericium erinaceus,4,0.602059991,4,0.602059991,314,2.496929648,79,1.897627091,-2.183269844,-1.486367698,,
Herpotrichia herpotrichoides,3,0.477121255,3,0.477121255,29,1.462397998,14,1.146128036,-2.308919956,-2.249373089,,
Heterobasidion annosum,225,2.352182518,69,1.838849091,3509,3.545183368,944,2.974971994,-0.897547412,-0.217037598,,
Heterosphaeria patella,23,1.361727836,17,1.230448921,192,2.283301229,128,2.10720997,-1.54552541,-1.267904715,,
Heyderia abietis,1,0,1,0,42,1.62324929,26,1.414973348,-2.787460475,-1.978426347,,
Hohenbuehelia atrocoerulea,2,0.301029996,2,0.301029996,141,2.149219113,70,1.84509804,-2.485721426,-1.540508234,,
Hohenbuehelia petaloides,2,0.301029996,1,0,128,2.10720997,57,1.755874856,-2.787460475,-1.632048611,,
Hormiactis alba,5,0.698970004,4,0.602059991,9,0.954242509,7,0.84509804,-2.183269844,-2.551624238,,
Humaria hemisphaerica,10,1,7,0.84509804,352,2.546542663,199,2.298853076,-1.938090651,-1.063063542,,
Hyaloperonospora niessliana,1,0,1,0,214,2.330413773,113,2.053078443,-2.787460475,-1.324773976,,
Hyaloperonospora parasitica,1,0,1,0,500,2.698970004,173,2.238046103,-2.787460475,-1.12875028,,
Hyalopeziza millepunctata,12,1.079181246,9,0.954242509,387,2.587710965,198,2.29666519,-1.827512865,-1.065440129,,
Hyaloscypha hyalina,13,1.113943352,12,1.079181246,863,2.936010796,302,2.480006943,-1.700415245,-0.862020745,,
Hyaloscypha leuconica var. leuconica,3,0.477121255,3,0.477121255,285,2.45484486,157,2.195899652,-2.308919956,-1.173872636,,
Hydnellum aurantiacum,1,0,1,0,183,2.26245109,19,1.278753601,-2.787460475,-2.115873163,,
Hydnellum concrescens,10,1,8,0.903089987,353,2.547774705,105,2.021189299,-1.879382637,-1.358116219,,
Hydnellum ferrugineum,1,0,1,0,163,2.212187604,33,1.51851394,-2.787460475,-1.87365521,,
Hydnomerulius pinastri,1,0,1,0,30,1.477121255,17,1.230448921,-2.787460475,-2.164527798,,
Hydnum repandum,135,2.130333768,43,1.633468456,2077,3.317436497,624,2.79518459,-1.123167653,-0.478048244,,
Hydnum rufescens,24,1.380211242,19,1.278753601,688,2.837588438,292,2.465382851,-1.495763365,-0.878616218,,
Hydropisphaera arenula,1,0,1,0,42,1.62324929,32,1.505149978,-2.787460475,-1.887195177,,
Hydropus floccipes,5,0.698970004,3,0.477121255,151,2.178976947,47,1.672097858,-2.308919956,-1.71759969,,
Hygrocybe acutoconica var. acutoconica,20,1.301029996,14,1.146128036,1518,3.181271772,517,2.713490543,-1.632023215,-0.583832171,,
Hygrocybe acutoconica var. konradii,4,0.602059991,4,0.602059991,193,2.285557309,89,1.949390007,-2.183269844,-1.432807204,,
Hygrocybe calyptriformis var. calyptriformis,8,0.903089987,6,0.77815125,1913,3.28171497,504,2.702430536,-2.005752329,-0.597730001,,
Hygrocybe ceracea,54,1.73239376,32,1.505149978,2586,3.412628521,764,2.883093359,-1.259773006,-0.356456362,,
Hygrocybe chlorophana,60,1.77815125,27,1.431363764,4923,3.692229836,1048,3.020361283,-1.337274337,-0.141605334,,
Hygrocybe coccinea,37,1.568201724,20,1.301029996,4190,3.622214023,1008,3.003460532,-1.472756449,-0.170308291,,
Hygrocybe colemanniana,24,1.380211242,14,1.146128036,516,2.712649702,189,2.276461804,-1.632023215,-1.087338141,,
Hygrocybe conica,114,2.056904851,48,1.681241237,6830,3.834420704,1514,3.180125875,-1.071575194,0.18624896,,
Hygrocybe conica var. conicopalustris,1,0,1,0,4,0.602059991,2,0.301029996,-2.787460475,-3.096562438,,
Hygrocybe flavescens,1,0,1,0,72,1.857332496,35,1.544068044,-2.787460475,-1.847748879,,
Hygrocybe fornicata var. fornicata,3,0.477121255,3,0.477121255,810,2.908485019,266,2.424881637,-2.308919956,-0.924201532,,
Hygrocybe glutinipes var. glutinipes,7,0.84509804,7,0.84509804,976,2.989449818,377,2.57634135,-1.938090651,-0.750608644,,
Hygrocybe helobia,1,0,1,0,296,2.471291711,148,2.170261715,-2.787460475,-1.201175602,,
Hygrocybe insipida,1,0,1,0,2732,3.436480695,664,2.822168079,-2.787460475,-0.441704597,,
Hygrocybe irrigata,10,1,6,0.77815125,2052,3.312177356,646,2.810232518,-2.005752329,-0.457877212,,
Hygrocybe laeta var. laeta,1,0,1,0,2063,3.314499228,621,2.7930916,-2.787460475,-0.48083518,,
Hygrocybe marchii,4,0.602059991,3,0.477121255,446,2.649334859,191,2.281033367,-2.308919956,-1.082390566,,
Hygrocybe miniata,40,1.602059991,28,1.447158031,1391,3.14332713,556,2.745074792,-1.320739585,-0.543621469,,
Hygrocybe mucronella,27,1.431363764,20,1.301029996,571,2.756636108,238,2.376576957,-1.472756449,-0.977915644,,
Hygrocybe ovina,3,0.477121255,2,0.301029996,241,2.382017043,92,1.963787827,-2.485721426,-1.417868655,,
Hygrocybe pratensis var. pallida,4,0.602059991,3,0.477121255,595,2.774516966,236,2.372912003,-2.308919956,-0.98196442,,
Hygrocybe pratensis var. pratensis,51,1.707570176,24,1.380211242,5776,3.761627185,1204,3.080626487,-1.39064077,-0.031978515,,
Hygrocybe punicea,16,1.204119983,8,0.903089987,2265,3.355068206,621,2.7930916,-1.879382637,-0.48083518,,
Hygrocybe quieta,8,0.903089987,7,0.84509804,2530,3.403120521,701,2.845718018,-1.938090651,-0.409313145,,
Hygrocybe russocoriacea,9,0.954242509,8,0.903089987,1627,3.211387553,467,2.669316881,-1.879382637,-0.638820498,,
Hygrocybe spadicea,7,0.84509804,3,0.477121255,88,1.944482672,45,1.653212514,-2.308919956,-1.736838983,,
Hygrocybe virginea,1,0,1,0,9,0.954242509,8,0.903089987,-2.787460475,-2.493458051,,
Hygrocybe virginea var. ochraceopallida,1,0,1,0,502,2.700703717,157,2.195899652,-2.787460475,-1.173872636,,
Hygrocybe virginea var. virginea,133,2.123851641,52,1.716003344,7394,3.868879446,1403,3.147057671,-1.033732972,0.106851043,,
Hygrophoropsis aurantiaca,216,2.334453751,67,1.826074803,5377,3.730540036,1104,3.042969073,-0.911912524,-0.101916345,,
Hygrophoropsis macrospora,1,0,1,0,79,1.897627091,44,1.643452676,-2.787460475,-1.746775686,,
Hygrophorus agathosmus,3,0.477121255,2,0.301029996,39,1.591064607,19,1.278753601,-2.485721426,-2.115873163,,
Hygrophorus camarophyllus,1,0,1,0,12,1.079181246,8,0.903089987,-2.787460475,-2.493458051,,
Hygrophorus chrysodon,3,0.477121255,2,0.301029996,86,1.934498451,35,1.544068044,-2.485721426,-1.847748879,,
Hygrophorus cossus,2,0.301029996,2,0.301029996,296,2.471291711,113,2.053078443,-2.485721426,-1.324773976,,
Hygrophorus discoxanthus,22,1.342422681,14,1.146128036,402,2.604226053,175,2.243038049,-1.632023215,-1.123384909,,
Hygrophorus eburneus,100,2,40,1.602059991,556,2.745074792,216,2.334453751,-1.156851901,-1.024242348,,
Hygrophorus hypothejus,36,1.556302501,18,1.255272505,803,2.904715545,324,2.51054501,-1.519973755,-0.827113881,,
Hygrophorus lindtneri,12,1.079181246,5,0.698970004,31,1.491361694,21,1.322219295,-2.085647288,-2.072057232,,
Hygrophorus nemoreus,10,1,3,0.477121255,61,1.785329835,30,1.477121255,-2.308919956,-1.915575699,,
Hygrophorus persoonii,12,1.079181246,6,0.77815125,89,1.949390007,39,1.591064607,-2.005752329,-1.800047007,,
Hygrophorus unicolor,1,0,1,0,59,1.770852012,29,1.462397998,-2.787460475,-1.930474748,,
Hymenochaete cinnamomea,12,1.079181246,9,0.954242509,109,2.037426498,59,1.770852012,-1.827512865,-1.616715768,,
Hymenochaete corrugata,187,2.271841607,75,1.875061263,1094,3.039017322,317,2.501059262,-0.856527502,-0.837994473,,
Hymenochaete rubiginosa,74,1.86923172,36,1.556302501,2197,3.341830057,600,2.77815125,-1.205625338,-0.500602351,,
Hymenochaete tabacina,45,1.653212514,23,1.361727836,73,1.86332286,42,1.62324929,-1.409859645,-1.767332588,,
Hymenoscyphus albidus,2,0.301029996,2,0.301029996,191,2.281033367,99,1.995635195,-2.485721426,-1.384756965,,
Hymenoscyphus calyculus,9,0.954242509,9,0.954242509,544,2.7355989,262,2.418301291,-1.827512865,-0.931558791,,
Hymenoscyphus caudatus,3,0.477121255,2,0.301029996,641,2.80685803,235,2.371067862,-2.485721426,-0.984000344,,
Hymenoscyphus cortisedus,1,0,1,0,19,1.278753601,11,1.041392685,-2.787460475,-2.354632211,,
Hymenoscyphus fagineus,7,0.84509804,6,0.77815125,171,2.23299611,108,2.033423755,-2.005752329,-1.34533742,,
Hymenoscyphus fructigenus,12,1.079181246,10,1,1351,3.130655349,480,2.681241237,-1.781036939,-0.624110132,,
Hymenoscyphus imberbis,1,0,1,0,273,2.436162647,141,2.149219113,-2.787460475,-1.223508828,,
Hymenoscyphus laetus,1,0,1,0,63,1.799340549,43,1.633468456,-2.787460475,-1.756936701,,
Hymenoscyphus phyllogenus,1,0,1,0,185,2.267171728,81,1.908485019,-2.787460475,-1.475150849,,
Hymenoscyphus pileatus,2,0.301029996,2,0.301029996,73,1.86332286,50,1.698970004,-2.485721426,-1.69019608,,
Hymenoscyphus repandus,5,0.698970004,5,0.698970004,427,2.630427875,229,2.359835482,-2.085647288,-0.996381652,,
Hymenoscyphus rokebyensis,7,0.84509804,6,0.77815125,82,1.913813852,56,1.748188027,-2.005752329,-1.639913175,,
Hymenoscyphus scutula,7,0.84509804,4,0.602059991,989,2.995196292,359,2.555094449,-2.183269844,-0.775522219,,
Hymenoscyphus vitellinus,2,0.301029996,2,0.301029996,114,2.056904851,83,1.919078092,-2.485721426,-1.464198558,,
Hymenoscyphus vitigenus,13,1.113943352,11,1.041392685,10,1,10,1,-1.738924627,-2.396199347,,
Hyphoderma argillaceum,1,0,1,0,106,2.025305865,77,1.886490725,-2.787460475,-1.497862689,,
Hyphoderma pallidum,1,0,1,0,55,1.740362689,28,1.447158031,-2.787460475,-1.945890435,,
Hyphoderma setigerum,1,0,1,0,527,2.721810615,251,2.399673721,-2.787460475,-0.952315734,,
Hyphodiscus incrustatus,1,0,1,0,6,0.77815125,5,0.698970004,-2.787460475,-2.698100546,,
Hyphodontia alutacea,1,0,1,0,50,1.698970004,35,1.544068044,-2.787460475,-1.847748879,,
Hyphodontia alutaria,1,0,1,0,235,2.371067862,131,2.117271296,-2.787460475,-1.257293765,,
Hyphodontia arguta,2,0.301029996,2,0.301029996,151,2.178976947,89,1.949390007,-2.485721426,-1.432807204,,
Hyphodontia barba-jovis,34,1.531478917,25,1.397940009,222,2.346352974,116,2.064457989,-1.372175286,-1.312848262,,
Hyphodontia breviseta,1,0,1,0,66,1.819543936,48,1.681241237,-2.787460475,-1.708279228,,
Hyphodontia crustosa,1,0,1,0,114,2.056904851,72,1.857332496,-2.787460475,-1.527916186,,
Hyphodontia latitans,6,0.77815125,5,0.698970004,4,0.602059991,4,0.602059991,-2.085647288,-2.79518459,,
Hyphodontia pruni,1,0,1,0,26,1.414973348,15,1.176091259,-2.787460475,-2.219235134,,
Hyphodontia quercina,20,1.301029996,15,1.176091259,56,1.748188027,33,1.51851394,-1.601335563,-1.87365521,,
Hyphodontia sambuci,97,1.986771734,55,1.740362689,2281,3.358125285,703,2.846955325,-1.007049118,-0.407592752,,
Hyphodontia subalutacea,1,0,1,0,107,2.029383778,67,1.826074803,-2.787460475,-1.560067306,,
Hypholoma capnoides,3,0.477121255,3,0.477121255,753,2.876794976,330,2.51851394,-2.308919956,-0.817945794,,
Hypholoma elongatum,10,1,5,0.698970004,626,2.796574333,249,2.396199347,-2.085647288,-0.956176148,,
Hypholoma epixanthum,2,0.301029996,2,0.301029996,6,0.77815125,6,0.77815125,-2.485721426,-2.618745199,,
Hypholoma ericaeoides,1,0,1,0,137,2.136720567,73,1.86332286,-2.787460475,-1.521746916,,
Hypholoma ericaeum,5,0.698970004,5,0.698970004,123,2.089905111,58,1.763427994,-2.085647288,-1.624317666,,
Hypholoma fasciculare var. fasciculare,713,2.85308953,133,2.123851641,14336,4.156427992,1637,3.214048679,-0.558293435,0.278037884,,
Hypholoma lateritium,59,1.770852012,31,1.491361694,1011,3.004751156,384,2.584331224,-1.274306861,-0.741184439,,
Hypholoma marginatum,16,1.204119983,5,0.698970004,708,2.850033258,302,2.480006943,-2.085647288,-0.862020745,,
Hypholoma polytrichi,4,0.602059991,1,0,52,1.716003344,41,1.612783857,-2.787460475,-1.777974672,,
Hypholoma subericaeum,4,0.602059991,4,0.602059991,186,2.269512944,79,1.897627091,-2.183269844,-1.486367698,,
Hypholoma udum,2,0.301029996,2,0.301029996,226,2.354108439,79,1.897627091,-2.485721426,-1.486367698,,
Hypochnicium bombycinum,5,0.698970004,4,0.602059991,54,1.73239376,40,1.602059991,-2.183269844,-1.788875116,,
Hypochnicium erikssonii,1,0,1,0,104,2.017033339,56,1.748188027,-2.787460475,-1.639913175,,
Hypochnicium geogenium,18,1.255272505,12,1.079181246,91,1.959041392,52,1.716003344,-1.700415245,-1.67280807,,
Hypochnicium punctulatum,1,0,1,0,159,2.201397124,79,1.897627091,-2.787460475,-1.486367698,,
Hypocrea citrina,1,0,1,0,129,2.11058971,80,1.903089987,-2.787460475,-1.480725379,,
Hypocrea gelatinosa,1,0,1,0,324,2.51054501,191,2.281033367,-2.787460475,-1.082390566,,
Hypocrea pulvinata,15,1.176091259,12,1.079181246,697,2.843232778,335,2.525044807,-1.700415245,-0.810413094,,
Hypocrea rufa,3,0.477121255,3,0.477121255,302,2.480006943,157,2.195899652,-2.308919956,-1.173872636,,
Hypocrea schweinitzii,3,0.477121255,3,0.477121255,435,2.638489257,129,2.11058971,-2.308919956,-1.264341844,,
Hypoderma rubi,1,0,1,0,300,2.477121255,163,2.212187604,-2.787460475,-1.156471108,,
Hypogymnia physodes,1,0,1,0,380,2.579783597,143,2.155336037,-2.787460475,-1.217023545,,
Hypomyces aurantius,48,1.681241237,30,1.477121255,535,2.728353782,291,2.463892989,-1.289291592,-0.880302727,,
Hypomyces chrysospermus,103,2.012837225,47,1.672097858,1749,3.242789809,628,2.797959644,-1.081485201,-0.474346201,,
Hypomyces ochraceus,3,0.477121255,3,0.477121255,40,1.602059991,23,1.361727836,-2.308919956,-2.032198171,,
Hypomyces rosellus,22,1.342422681,17,1.230448921,315,2.498310554,171,2.23299611,-1.54552541,-1.134173378,,
Hyponectria buxi,1,0,1,0,38,1.579783597,22,1.342422681,-2.787460475,-2.051678621,,
Hypospilina pustula,1,0,1,0,130,2.113943352,78,1.892094603,-2.787460475,-1.492079536,,
Hypoxylon fragiforme,226,2.354108439,74,1.86923172,3790,3.57863921,813,2.910090546,-0.86316204,-0.317024537,,
Hypoxylon fuscum,253,2.403120521,88,1.944482672,3155,3.498999364,707,2.849419414,-0.776503072,-0.404160876,,
Hypoxylon howeanum,12,1.079181246,6,0.77815125,413,2.615950052,211,2.324282455,-2.005752329,-1.035363337,,
Hypoxylon intermedium,3,0.477121255,3,0.477121255,45,1.653212514,24,1.380211242,-2.308919956,-2.013539399,,
Hypoxylon petriniae,1,0,1,0,78,1.892094603,41,1.612783857,-2.787460475,-1.777974672,,
Hypoxylon rubiginosum,5,0.698970004,4,0.602059991,1541,3.187802639,482,2.683047038,-2.183269844,-0.621874124,,
Hypsizygus ulmarius,6,0.77815125,6,0.77815125,115,2.06069784,51,1.707570176,-2.005752329,-1.681418609,,
Hysterium angustatum,13,1.113943352,8,0.903089987,197,2.294466226,115,2.06069784,-1.879382637,-1.316790543,,
Illosporiopsis christiansenii,1,0,1,0,85,1.929418926,50,1.698970004,-2.787460475,-1.69019608,,
Inermisia pilifera,1,0,1,0,10,1,6,0.77815125,-2.787460475,-2.618745199,,
Inocybe adaequata,6,0.77815125,5,0.698970004,201,2.303196057,103,2.012837225,-2.085647288,-1.366830809,,
Inocybe appendiculata,2,0.301029996,1,0,14,1.146128036,9,0.954242509,-2.787460475,-2.442131218,,
Inocybe assimilata,130,2.113943352,54,1.73239376,436,2.639486489,212,2.326335861,-1.015794267,-1.033120159,,
Inocybe asterospora,99,1.995635195,55,1.740362689,959,2.981818607,408,2.610660163,-1.007049118,-0.709901517,,
Inocybe auricoma,2,0.301029996,2,0.301029996,64,1.806179974,47,1.672097858,-2.485721426,-1.71759969,,
Inocybe bongardii var. bongardii,29,1.462397998,22,1.342422681,277,2.442479769,132,2.120573931,-1.429899026,-1.253807767,,
Inocybe calamistrata,1,0,1,0,151,2.178976947,87,1.939519253,-2.787460475,-1.443038069,,
Inocybe calospora,2,0.301029996,1,0,72,1.857332496,31,1.491361694,-2.787460475,-1.901159396,,
Inocybe cervicolor,2,0.301029996,1,0,59,1.770852012,34,1.531478917,-2.787460475,-1.860514155,,
Inocybe cincinnata var. cincinnata,3,0.477121255,2,0.301029996,412,2.614897216,212,2.326335861,-2.485721426,-1.033120159,,
Inocybe cincinnata var. major,16,1.204119983,13,1.113943352,171,2.23299611,87,1.939519253,-1.66493112,-1.443038069,,
Inocybe cookei,16,1.204119983,13,1.113943352,501,2.699837726,250,2.397940009,-1.66493112,-0.954242509,,
Inocybe corydalina,9,0.954242509,8,0.903089987,210,2.322219295,109,2.037426498,-1.879382637,-1.341153078,,
Inocybe curvipes,9,0.954242509,5,0.698970004,392,2.593286067,186,2.269512944,-2.085647288,-1.09485041,,
Inocybe dulcamara,18,1.255272505,14,1.146128036,227,2.356025857,132,2.120573931,-1.632023215,-1.253807767,,
Inocybe dunensis,3,0.477121255,2,0.301029996,32,1.505149978,21,1.322219295,-2.485721426,-2.072057232,,
Inocybe duriuscula,1,0,1,0,35,1.544068044,12,1.079181246,-2.787460475,-2.31666913,,
Inocybe erubescens,58,1.763427994,25,1.397940009,175,2.243038049,86,1.934498451,-1.372175286,-1.448238815,,
Inocybe fibrosoides,2,0.301029996,2,0.301029996,21,1.322219295,12,1.079181246,-2.485721426,-2.31666913,,
Inocybe flocculosa,48,1.681241237,32,1.505149978,645,2.809559715,263,2.419955748,-1.259773006,-0.929710236,,
Inocybe fraudans,43,1.633468456,24,1.380211242,383,2.583198774,179,2.252853031,-1.39064077,-1.112822109,,
Inocybe fuscidula var. fuscidula,10,1,7,0.84509804,309,2.489958479,160,2.204119983,-1.938090651,-1.165095875,,
Inocybe geophylla var. geophylla,206,2.31386722,81,1.908485019,3236,3.510008513,887,2.94792362,-0.81824219,-0.259710748,,
Inocybe geophylla var. lilacina,71,1.851258349,32,1.505149978,2085,3.319106059,613,2.787460475,-1.259773006,-0.488311426,,
Inocybe glabripes,26,1.414973348,19,1.278753601,98,1.991226076,57,1.755874856,-1.495763365,-1.632048611,,
Inocybe godeyi,16,1.204119983,8,0.903089987,154,2.187520721,76,1.880813592,-1.879382637,-1.503719023,,
Inocybe griseolilacina,14,1.146128036,10,1,383,2.583198774,170,2.230448921,-1.781036939,-1.136907,,
Inocybe haemacta,4,0.602059991,4,0.602059991,94,1.973127854,45,1.653212514,-2.183269844,-1.736838983,,
Inocybe hirtella var. hirtella,8,0.903089987,8,0.903089987,230,2.361727836,111,2.045322979,-1.879382637,-1.332893171,,
Inocybe hystrix,7,0.84509804,6,0.77815125,139,2.1430148,78,1.892094603,-2.005752329,-1.492079536,,
Inocybe lacera var. helobia,1,0,1,0,9,0.954242509,9,0.954242509,-2.787460475,-2.442131218,,
Inocybe lacera var. lacera,43,1.633468456,32,1.505149978,543,2.73479983,250,2.397940009,-1.259773006,-0.954242509,,
Inocybe langei,2,0.301029996,1,0,37,1.568201724,24,1.380211242,-2.787460475,-2.013539399,,
Inocybe lanuginosa,17,1.230448921,9,0.954242509,7,0.84509804,5,0.698970004,-1.827512865,-2.698100546,,
Inocybe leptophylla,1,0,1,0,21,1.322219295,15,1.176091259,-2.787460475,-2.219235134,,
Inocybe maculata,22,1.342422681,18,1.255272505,680,2.832508913,303,2.481442629,-1.519973755,-0.860387428,,
Inocybe margaritispora,5,0.698970004,3,0.477121255,113,2.053078443,57,1.755874856,-2.308919956,-1.632048611,,
Inocybe mixtilis,17,1.230448921,14,1.146128036,212,2.326335861,120,2.079181246,-1.632023215,-1.297395711,,
Inocybe napipes,31,1.491361694,19,1.278753601,706,2.848804701,336,2.526339277,-1.495763365,-0.808917979,,
Inocybe perlata,1,0,1,0,50,1.698970004,28,1.447158031,-2.787460475,-1.945890435,,
Inocybe petiginosa,82,1.913813852,40,1.602059991,301,2.478566496,161,2.206825876,-1.156851901,-1.162204346,,
Inocybe phaeodisca var. phaeodisca,23,1.361727836,19,1.278753601,50,1.698970004,36,1.556302501,-1.495763365,-1.835338203,,
Inocybe phaeoleuca,10,1,7,0.84509804,102,2.008600172,51,1.707570176,-1.938090651,-1.681418609,,
Inocybe praetervisa,34,1.531478917,23,1.361727836,282,2.450249108,143,2.155336037,-1.409859645,-1.217023545,,
Inocybe pusio,16,1.204119983,11,1.041392685,152,2.181843588,89,1.949390007,-1.738924627,-1.432807204,,
Inocybe rimosa,274,2.437750563,86,1.934498451,1679,3.225050696,588,2.769377326,-0.788135471,-0.512110562,,
Inocybe sindonia,26,1.414973348,18,1.255272505,813,2.910090546,333,2.522444234,-1.519973755,-0.813414678,,
Inocybe soluta,1,0,1,0,97,1.986771734,44,1.643452676,-2.787460475,-1.746775686,,
Inocybe tjallingiorum,1,0,1,0,6,0.77815125,6,0.77815125,-2.787460475,-2.618745199,,
Inocybe vaccina,3,0.477121255,3,0.477121255,8,0.903089987,7,0.84509804,-2.308919956,-2.551624238,,
Inocybe whitei,1,0,1,0,160,2.204119983,82,1.913813852,-2.787460475,-1.469642444,,
Inonotus cuticularis,6,0.77815125,6,0.77815125,212,2.326335861,74,1.86923172,-2.005752329,-1.515659077,,
Inonotus hispidus,35,1.544068044,24,1.380211242,1337,3.126131407,471,2.673020907,-1.39064077,-0.63426114,,
Inonotus obliquus,1,0,1,0,285,2.45484486,127,2.103803721,-2.787460475,-1.271494017,,
Iodophanus carneus,1,0,1,0,500,2.698970004,277,2.442479769,-2.787460475,-0.904459694,,
Isaria farinosa,3,0.477121255,3,0.477121255,455,2.658011397,214,2.330413773,-2.308919956,-1.028662453,,
Isaria umbrina,1,0,1,0,4,0.602059991,4,0.602059991,-2.787460475,-2.79518459,,
Ischnoderma benzoinum,7,0.84509804,2,0.301029996,405,2.607455023,179,2.252853031,-2.485721426,-1.112822109,,
Ischnoderma resinosum,1,0,1,0,142,2.152288344,70,1.84509804,-2.787460475,-1.540508234,,
Junghuhnia nitida,2,0.301029996,2,0.301029996,238,2.376576957,143,2.155336037,-2.485721426,-1.217023545,,
Keissleriella ocellata,1,0,1,0,10,1,5,0.698970004,-2.787460475,-2.698100546,,
Kirschsteiniothelia aethiops,1,0,1,0,19,1.278753601,7,0.84509804,-2.787460475,-2.551624238,,
Kretzschmaria deusta,133,2.123851641,70,1.84509804,2054,3.312600439,628,2.797959644,-0.89050086,-0.474346201,,
Kuehneola uredinis,33,1.51851394,24,1.380211242,1630,3.212187604,537,2.729974286,-1.39064077,-0.562946014,,
Kuehneromyces mutabilis,98,1.991226076,45,1.653212514,2953,3.470263447,832,2.920123326,-1.101899753,-0.30207272,,
Laccaria amethystina,379,2.57863921,93,1.968482949,6325,3.80106053,1153,3.061829307,-0.748354775,-0.067538288,,
Laccaria bicolor,9,0.954242509,8,0.903089987,439,2.64246452,215,2.33243846,-1.879382637,-1.026447744,,
Laccaria laccata,524,2.719331287,113,2.053078443,11379,4.056104097,1582,3.199206479,-0.646759282,0.236363798,,
Laccaria proxima,14,1.146128036,10,1,1399,3.145817714,521,2.716837723,-1.781036939,-0.579608071,,
Laccaria tortilis,4,0.602059991,4,0.602059991,369,2.567026366,191,2.281033367,-2.183269844,-1.082390566,,
Lachnella alboviolascens,1,0,1,0,306,2.485721426,148,2.170261715,-2.787460475,-1.201175602,,
Lachnella villosa,1,0,1,0,342,2.534026106,169,2.227886705,-2.787460475,-1.139655569,,
Lachnellula occidentalis,6,0.77815125,5,0.698970004,664,2.822168079,37,1.568201724,-2.085647288,-1.823262688,,
Lachnellula subtilissima,1,0,1,0,219,2.340444115,123,2.089905111,-2.787460475,-1.28612407,,
Lachnellula willkommii,1,0,1,0,97,1.986771734,51,1.707570176,-2.787460475,-1.681418609,,
Lachnum brevipilosum,3,0.477121255,3,0.477121255,454,2.657055853,232,2.365487985,-2.308919956,-0.990155065,,
Lachnum clavigerum,2,0.301029996,1,0,76,1.880813592,39,1.591064607,-2.787460475,-1.800047007,,
Lachnum corticale,1,0,1,0,86,1.934498451,57,1.755874856,-2.787460475,-1.632048611,,
Lachnum fuscescens var. fuscescens,2,0.301029996,2,0.301029996,187,2.271841607,106,2.025305865,-2.485721426,-1.353818281,,
Lachnum niveum,4,0.602059991,2,0.301029996,1185,3.07371835,424,2.627365857,-2.485721426,-0.689861493,,
Lachnum nudipes,1,0,1,0,224,2.350248018,128,2.10720997,-2.787460475,-1.267904715,,
Lachnum papyraceum,2,0.301029996,2,0.301029996,17,1.230448921,13,1.113943352,-2.485721426,-2.281732433,,
Lachnum pudibundum,3,0.477121255,3,0.477121255,72,1.857332496,41,1.612783857,-2.308919956,-1.777974672,,
Lachnum pygmaeum,1,0,1,0,80,1.903089987,46,1.662757832,-2.787460475,-1.727116727,,
Lachnum rhytismatis,1,0,1,0,30,1.477121255,18,1.255272505,-2.787460475,-2.139529272,,
Lachnum virgineum,40,1.602059991,22,1.342422681,2751,3.43949059,738,2.868056362,-1.429899026,-0.377949542,,
Lacrymaria lacrymabunda,171,2.23299611,70,1.84509804,3261,3.513350799,811,2.909020854,-0.89050086,-0.318608795,,
Lactarius acerrimus,8,0.903089987,4,0.602059991,169,2.227886705,77,1.886490725,-2.183269844,-1.497862689,,
Lactarius acris,5,0.698970004,5,0.698970004,104,2.017033339,50,1.698970004,-2.085647288,-1.69019608,,
Lactarius aurantiacus,7,0.84509804,7,0.84509804,821,2.914343157,381,2.580924976,-1.938090651,-0.745205981,,
Lactarius azonites,17,1.230448921,11,1.041392685,242,2.383815366,108,2.033423755,-1.738924627,-1.34533742,,
Lactarius blennius,173,2.238046103,64,1.806179974,3497,3.543695632,791,2.898176483,-0.934182716,-0.334565579,,
Lactarius camphoratus,11,1.041392685,8,0.903089987,1590,3.201397124,544,2.7355989,-1.879382637,-0.555769951,,
Lactarius chrysorrheus,24,1.380211242,18,1.255272505,996,2.998259338,322,2.507855872,-1.519973755,-0.830202004,,
Lactarius circellatus,3,0.477121255,3,0.477121255,306,2.485721426,134,2.127104798,-2.308919956,-1.246909942,,
Lactarius controversus,5,0.698970004,4,0.602059991,243,2.385606274,106,2.025305865,-2.183269844,-1.353818281,,
Lactarius decipiens,33,1.51851394,21,1.322219295,147,2.167317335,86,1.934498451,-1.450835399,-1.448238815,,
Lactarius deliciosus,63,1.799340549,28,1.447158031,1105,3.043362278,393,2.59439255,-1.320739585,-0.729271985,,
Lactarius deterrimus,28,1.447158031,20,1.301029996,1109,3.044931546,389,2.589949601,-1.472756449,-0.734538632,,
Lactarius flavidus,3,0.477121255,1,0,41,1.612783857,19,1.278753601,-2.787460475,-2.115873163,,
Lactarius flexuosus var. flexuosus,1,0,1,0,131,2.117271296,70,1.84509804,-2.787460475,-1.540508234,,
Lactarius fluens,4,0.602059991,4,0.602059991,324,2.51054501,165,2.217483944,-2.183269844,-1.150802941,,
Lactarius fuliginosus,75,1.875061263,30,1.477121255,319,2.503790683,155,2.190331698,-1.289291592,-1.179811149,,
Lactarius fulvissimus,10,1,7,0.84509804,674,2.828659897,280,2.447158031,-1.938090651,-0.899194943,,
Lactarius glyciosmus,39,1.591064607,21,1.322219295,2502,3.398287305,795,2.900367129,-1.450835399,-0.331357255,,
Lactarius helvus,6,0.77815125,5,0.698970004,438,2.641474111,165,2.217483944,-2.085647288,-1.150802941,,
Lactarius hepaticus,143,2.155336037,57,1.755874856,667,2.824125834,251,2.399673721,-0.98998034,-0.952315734,,
Lactarius hysginus,2,0.301029996,2,0.301029996,137,2.136720567,64,1.806179974,-2.485721426,-1.58049731,,
Lactarius mairei,11,1.041392685,9,0.954242509,63,1.799340549,29,1.462397998,-1.827512865,-1.930474748,,
Lactarius mammosus,1,0,1,0,97,1.986771734,35,1.544068044,-2.787460475,-1.847748879,,
Lactarius obscuratus,1,0,1,0,315,2.498310554,176,2.245512668,-2.787460475,-1.120723456,,
Lactarius pallidus,13,1.113943352,11,1.041392685,371,2.56937391,179,2.252853031,-1.738924627,-1.112822109,,
Lactarius piperatus,43,1.633468456,23,1.361727836,418,2.621176282,205,2.311753861,-1.409859645,-1.049028829,,
Lactarius pterosporus,4,0.602059991,3,0.477121255,148,2.170261715,87,1.939519253,-2.308919956,-1.443038069,,
Lactarius pubescens,7,0.84509804,4,0.602059991,1345,3.128722284,452,2.655138435,-2.183269844,-0.656191517,,
Lactarius pyrogalus,37,1.568201724,21,1.322219295,1718,3.235023159,575,2.759667845,-1.450835399,-0.524762889,,
Lactarius quietus,180,2.255272505,63,1.799340549,5720,3.757396029,1043,3.018284308,-0.941811049,-0.145175243,,
Lactarius rufus,109,2.037426498,50,1.698970004,2784,3.444669231,786,2.895422546,-1.0523091,-0.338588272,,
Lactarius semisanguifluus,8,0.903089987,6,0.77815125,99,1.995635195,43,1.633468456,-2.005752329,-1.756936701,,
Lactarius serifluus,7,0.84509804,4,0.602059991,163,2.212187604,107,2.029383778,-2.183269844,-1.349558921,,
Lactarius spinosulus,1,0,1,0,153,2.184691431,77,1.886490725,-2.787460475,-1.497862689,,
Lactarius subdulcis,159,2.201397124,57,1.755874856,3423,3.534406899,871,2.940018155,-0.98998034,-0.271902929,,
Lactarius subumbonatus,1,0,1,0,400,2.602059991,163,2.212187604,-2.787460475,-1.156471108,,
Lactarius tabidus,191,2.281033367,63,1.799340549,4319,3.635383204,1050,3.021189299,-0.941811049,-0.140178703,,
Lactarius torminosus,42,1.62324929,20,1.301029996,1742,3.241048151,593,2.773054693,-1.472756449,-0.507296,,
Lactarius turpis,93,1.968482949,38,1.579783597,4301,3.633569443,906,2.957128198,-1.180638887,-0.245360119,,
Lactarius uvidus,4,0.602059991,4,0.602059991,199,2.298853076,90,1.954242509,-2.183269844,-1.427774533,,
Lactarius vellereus,56,1.748188027,31,1.491361694,1065,3.027349608,438,2.641474111,-1.274306861,-0.67281455,,
Lactarius vietus,8,0.903089987,7,0.84509804,1596,3.203032887,561,2.748962861,-1.938090651,-0.538614948,,
Lactarius volemus,5,0.698970004,5,0.698970004,142,2.152288344,87,1.939519253,-2.085647288,-1.443038069,,
Lactarius zonarius,80,1.903089987,37,1.568201724,102,2.008600172,46,1.662757832,-1.192974089,-1.727116727,,
Laetiporus sulphureus,101,2.004321374,60,1.77815125,2803,3.447623098,722,2.858537198,-0.965358514,-0.391394559,,
Lasiosphaeria hirsuta,1,0,1,0,222,2.346352974,142,2.152288344,-2.787460475,-1.220255456,,
Lasiosphaeria ovina,2,0.301029996,2,0.301029996,690,2.838849091,337,2.527629901,-2.485721426,-0.807426619,,
Lasiosphaeria phyllophila,1,0,1,0,46,1.662757832,23,1.361727836,-2.787460475,-2.032198171,,
Lasiosphaeria spermoides,7,0.84509804,7,0.84509804,492,2.691965103,262,2.418301291,-1.938090651,-0.931558791,,
Lecanora chlarotera,2,0.301029996,2,0.301029996,311,2.492760389,93,1.968482949,-2.485721426,-1.412993142,,
Lecanora conizaeoides f. conizaeoides,1,0,1,0,205,2.311753861,82,1.913813852,-2.787460475,-1.469642444,,
Leccinum aurantiacum,27,1.431363764,12,1.079181246,857,2.932980822,188,2.274157849,-1.700415245,-1.08982998,,
Leccinum crocipodium,2,0.301029996,2,0.301029996,326,2.5132176,88,1.944482672,-2.485721426,-1.437894631,,
Leccinum duriusculum,2,0.301029996,2,0.301029996,237,2.374748346,76,1.880813592,-2.485721426,-1.503719023,,
Leccinum scabrum,133,2.123851641,43,1.633468456,5346,3.728028954,1026,3.011147361,-1.123167653,-0.157350123,,
Leccinum variicolor,36,1.556302501,17,1.230448921,782,2.893206753,345,2.537819095,-1.54552541,-0.795628179,,
Leccinum versipelle,37,1.568201724,17,1.230448921,1607,3.206015877,518,2.71432976,-1.54552541,-0.58277389,,
Lentaria afflata,1,0,1,0,5,0.698970004,3,0.477121255,-2.787460475,-2.920297288,,
Lentinellus cochleatus,18,1.255272505,15,1.176091259,479,2.680335513,240,2.380211242,-1.601335563,-0.973897197,,
Lentinellus flabelliformis,5,0.698970004,4,0.602059991,6,0.77815125,2,0.301029996,-2.183269844,-3.096562438,,
Lentinellus vulpinus,1,0,1,0,24,1.380211242,10,1,-2.787460475,-2.396199347,,
Lentomitella cirrhosa,1,0,1,0,138,2.139879086,84,1.924279286,-2.787460475,-1.458817644,,
Lenzites betulina,61,1.785329835,34,1.531478917,516,2.712649702,233,2.367355921,-1.231949077,-0.988095599,,
Leotia lubrica,42,1.62324929,25,1.397940009,1311,3.117602692,529,2.723455672,-1.372175286,-0.571230952,,
Lepiota boudieri,25,1.397940009,6,0.77815125,329,2.517195898,157,2.195899652,-2.005752329,-1.173872636,,
Lepiota brunneoincarnata,2,0.301029996,2,0.301029996,95,1.977723605,43,1.633468456,-2.485721426,-1.756936701,,
Lepiota brunneolilacea,2,0.301029996,2,0.301029996,5,0.698970004,5,0.698970004,-2.485721426,-2.698100546,,
Lepiota castanea,63,1.799340549,29,1.462397998,709,2.850646235,279,2.445604203,-1.304757868,-0.900944355,,
Lepiota clypeolaria,16,1.204119983,13,1.113943352,146,2.164352856,83,1.919078092,-1.66493112,-1.464198558,,
Lepiota cristata,187,2.271841607,77,1.886490725,3250,3.511883361,752,2.876217841,-0.843483561,-0.366323588,,
Lepiota echinella var. echinella,1,0,1,0,123,2.089905111,56,1.748188027,-2.787460475,-1.639913175,,
Lepiota erminea,11,1.041392685,6,0.77815125,172,2.235528447,88,1.944482672,-2.005752329,-1.437894631,,
Lepiota felina,8,0.903089987,6,0.77815125,225,2.352182518,134,2.127104798,-2.005752329,-1.246909942,,
Lepiota fuscovinacea,4,0.602059991,3,0.477121255,98,1.991226076,41,1.612783857,-2.308919956,-1.777974672,,
Lepiota grangei,3,0.477121255,2,0.301029996,88,1.944482672,47,1.672097858,-2.485721426,-1.71759969,,
Lepiota griseovirens,6,0.77815125,3,0.477121255,62,1.792391689,23,1.361727836,-2.308919956,-2.032198171,,
Lepiota hymenoderma,1,0,1,0,14,1.146128036,12,1.079181246,-2.787460475,-2.31666913,,
Lepiota ignivolvata,7,0.84509804,7,0.84509804,102,2.008600172,48,1.681241237,-1.938090651,-1.708279228,,
Lepiota kuehneri,4,0.602059991,3,0.477121255,23,1.361727836,11,1.041392685,-2.308919956,-2.354632211,,
Lepiota lilacea,4,0.602059991,3,0.477121255,25,1.397940009,11,1.041392685,-2.308919956,-2.354632211,,
Lepiota magnispora,4,0.602059991,4,0.602059991,277,2.442479769,125,2.096910013,-2.183269844,-1.278753601,,
Lepiota obscura,3,0.477121255,2,0.301029996,18,1.255272505,14,1.146128036,-2.485721426,-2.249373089,,
Lepiota ochraceofulva,3,0.477121255,2,0.301029996,60,1.77815125,27,1.431363764,-2.485721426,-1.961860352,,
Lepiota oreadiformis,14,1.146128036,12,1.079181246,180,2.255272505,88,1.944482672,-1.700415245,-1.437894631,,
Lepiota pseudolilacea,10,1,8,0.903089987,151,2.178976947,65,1.812913357,-1.879382637,-1.573585609,,
Lepiota subalba,9,0.954242509,5,0.698970004,99,1.995635195,47,1.672097858,-2.085647288,-1.71759969,,
Lepiota subgracilis,5,0.698970004,3,0.477121255,133,2.123851641,59,1.770852012,-2.308919956,-1.616715768,,
Lepiota tomentella,10,1,4,0.602059991,71,1.851258349,35,1.544068044,-2.183269844,-1.847748879,,
Lepiota xanthophylla,6,0.77815125,1,0,70,1.84509804,20,1.301029996,-2.787460475,-2.093421685,,
Lepista flaccida,205,2.311753861,72,1.857332496,3993,3.60129931,834,2.921166051,-0.87666679,-0.300508946,,
Lepista irina,16,1.204119983,14,1.146128036,154,2.187520721,82,1.913813852,-1.632023215,-1.469642444,,
Lepista nuda,286,2.456366033,108,2.033423755,5195,3.715585552,981,2.991669007,-0.670726761,-0.189888766,,
Lepista panaeolus,3,0.477121255,2,0.301029996,19,1.278753601,10,1,-2.485721426,-2.396199347,,
Lepista saeva,66,1.819543936,33,1.51851394,797,2.901458321,324,2.51054501,-1.245662193,-0.827113881,,
Lepista sordida,6,0.77815125,5,0.698970004,560,2.748188027,282,2.450249108,-2.085647288,-0.895712433,,
Lepraria incana,4,0.602059991,4,0.602059991,493,2.692846919,158,2.198657087,-2.183269844,-1.170929804,,
Leptopeltis litigiosa,17,1.230448921,10,1,25,1.397940009,19,1.278753601,-1.781036939,-2.115873163,,
Leptosphaeria acuta,79,1.897627091,44,1.643452676,2949,3.469674773,814,2.910624405,-1.112422179,-0.316233165,,
Leptosphaeria coniothyrium,2,0.301029996,2,0.301029996,220,2.342422681,51,1.707570176,-2.485721426,-1.681418609,,
Leptosphaeria doliolum var. doliolum,11,1.041392685,9,0.954242509,322,2.507855872,171,2.23299611,-1.827512865,-1.134173378,,
Leptosphaeria gloeospora,1,0,1,0,2,0.301029996,2,0.301029996,-2.787460475,-3.096562438,,
Leptosphaeria libanotis,2,0.301029996,2,0.301029996,29,1.462397998,17,1.230448921,-2.485721426,-2.164527798,,
Leptosphaeria macrospora,1,0,1,0,65,1.812913357,32,1.505149978,-2.787460475,-1.887195177,,
Leptosphaeria ogilviensis,6,0.77815125,4,0.602059991,23,1.361727836,11,1.041392685,-2.183269844,-2.354632211,,
Leptosporomyces galzinii,2,0.301029996,2,0.301029996,34,1.531478917,17,1.230448921,-2.485721426,-2.164527798,,
Leptostroma spiraeinum,1,0,1,0,13,1.113943352,10,1,-2.787460475,-2.396199347,,
Leptothyrium alneum,2,0.301029996,1,0,2,0.301029996,2,0.301029996,-2.787460475,-3.096562438,,
Leptotrochila lugubris,1,0,1,0,9,0.954242509,9,0.954242509,-2.787460475,-2.442131218,,
Leptotrochila prunellae,1,0,1,0,24,1.380211242,13,1.113943352,-2.787460475,-2.281732433,,
Leptotrochila ranunculi,1,0,1,0,334,2.523746467,191,2.281033367,-2.787460475,-1.082390566,,
Leratiomyces squamosus var. squamosus,9,0.954242509,7,0.84509804,173,2.238046103,83,1.919078092,-1.938090651,-1.464198558,,
Leratiomyces squamosus var. thraustus,1,0,1,0,10,1,5,0.698970004,-2.787460475,-2.698100546,,
Leucoagaricus americanus,2,0.301029996,2,0.301029996,14,1.146128036,9,0.954242509,-2.485721426,-2.442131218,,
Leucoagaricus badhamii,9,0.954242509,9,0.954242509,188,2.274157849,99,1.995635195,-1.827512865,-1.384756965,,
Leucoagaricus leucothites,89,1.949390007,29,1.462397998,520,2.716003344,225,2.352182518,-1.304757868,-1.004798883,,
Leucoagaricus pilatianus,2,0.301029996,2,0.301029996,22,1.342422681,11,1.041392685,-2.485721426,-2.354632211,,
Leucoagaricus serenus,9,0.954242509,7,0.84509804,79,1.897627091,42,1.62324929,-1.938090651,-1.767332588,,
Leucocoprinus birnbaumii,1,0,1,0,94,1.973127854,30,1.477121255,-2.787460475,-1.915575699,,
Leucocoprinus brebissonii,20,1.301029996,11,1.041392685,446,2.649334859,208,2.318063335,-1.738924627,-1.042151278,,
Leucogyrophana mollusca,10,1,8,0.903089987,124,2.093421685,64,1.806179974,-1.879382637,-1.58049731,,
Leucopaxillus gentianeus,1,0,1,0,30,1.477121255,13,1.113943352,-2.787460475,-2.281732433,,
Leucopaxillus giganteus,15,1.176091259,13,1.113943352,348,2.541579244,201,2.303196057,-1.66493112,-1.058342914,,
Leucoscypha erminea,1,0,1,0,34,1.531478917,24,1.380211242,-2.787460475,-2.013539399,,
Leucostoma niveum,1,0,1,0,20,1.301029996,12,1.079181246,-2.787460475,-2.31666913,,
Lichenomphalia umbellifera,23,1.361727836,17,1.230448921,1064,3.026941628,384,2.584331224,-1.54552541,-0.741184439,,
Lichenopeltella salicis,1,0,1,0,14,1.146128036,7,0.84509804,-2.787460475,-2.551624238,,
Lichtheimia corymbifera,3,0.477121255,3,0.477121255,103,2.012837225,10,1,-2.308919956,-2.396199347,,
Limacella delicata var. delicata,1,0,1,0,24,1.380211242,11,1.041392685,-2.787460475,-2.354632211,,
Limacella delicata var. glioderma,3,0.477121255,2,0.301029996,94,1.973127854,44,1.643452676,-2.485721426,-1.746775686,,
Limacella guttata,7,0.84509804,4,0.602059991,69,1.838849091,24,1.380211242,-2.183269844,-2.013539399,,
Limacella illinita,1,0,1,0,12,1.079181246,8,0.903089987,-2.787460475,-2.493458051,,
Linodochium hyalinum,1,0,1,0,9,0.954242509,9,0.954242509,-2.787460475,-2.442131218,,
Linospora ceuthocarpa,1,0,1,0,7,0.84509804,4,0.602059991,-2.787460475,-2.79518459,,
Lobaria scrobiculata,3,0.477121255,2,0.301029996,11,1.041392685,10,1,-2.485721426,-2.396199347,,
Lopadostoma turgidum,1,0,1,0,94,1.973127854,51,1.707570176,-2.787460475,-1.681418609,,
Lophiostoma angustilabrum var. angustilabrum,6,0.77815125,5,0.698970004,105,2.021189299,69,1.838849091,-2.085647288,-1.546935868,,
Lophiostoma arundinis,2,0.301029996,2,0.301029996,36,1.556302501,17,1.230448921,-2.485721426,-2.164527798,,
Lophiostoma caulium,3,0.477121255,2,0.301029996,65,1.812913357,28,1.447158031,-2.485721426,-1.945890435,,
Lophiostoma fuckelii var. fuckelii,3,0.477121255,3,0.477121255,106,2.025305865,53,1.72427587,-2.308919956,-1.6643581,,
Lophiostoma semiliberum,1,0,1,0,115,2.06069784,56,1.748188027,-2.787460475,-1.639913175,,
Lophiostoma vagabundum,3,0.477121255,3,0.477121255,108,2.033423755,43,1.633468456,-2.308919956,-1.756936701,,
Lophodermium culmigenum,4,0.602059991,3,0.477121255,22,1.342422681,14,1.146128036,-2.308919956,-2.249373089,,
Lophodermium juniperinum,6,0.77815125,6,0.77815125,83,1.919078092,43,1.633468456,-2.005752329,-1.756936701,,
Lophodermium pinastri,29,1.462397998,17,1.230448921,605,2.781755375,298,2.474216264,-1.54552541,-0.868601051,,
Lophodermium typhinum,2,0.301029996,1,0,21,1.322219295,12,1.079181246,-2.787460475,-2.31666913,,
Loreleia postii,3,0.477121255,3,0.477121255,50,1.698970004,29,1.462397998,-2.308919956,-1.930474748,,
Lycoperdon atropurpureum,1,0,1,0,10,1,9,0.954242509,-2.787460475,-2.442131218,,
Lycoperdon caudatum,3,0.477121255,3,0.477121255,17,1.230448921,10,1,-2.308919956,-2.396199347,,
Lycoperdon decipiens,21,1.322219295,11,1.041392685,6,0.77815125,5,0.698970004,-1.738924627,-2.698100546,,
Lycoperdon echinatum,21,1.322219295,13,1.113943352,528,2.722633923,241,2.382017043,-1.66493112,-0.971899188,,
Lycoperdon excipuliforme,77,1.886490725,47,1.672097858,2135,3.329397879,771,2.887054378,-1.081485201,-0.350740615,,
Lycoperdon lividum,41,1.612783857,24,1.380211242,676,2.829946696,343,2.53529412,-1.39064077,-0.798556025,,
Lycoperdon mammiforme,8,0.903089987,6,0.77815125,81,1.908485019,49,1.69019608,-2.005752329,-1.699147231,,
Lycoperdon molle,122,2.086359831,60,1.77815125,537,2.729974286,293,2.46686762,-0.965358514,-0.876934713,,
Lycoperdon nigrescens,63,1.799340549,33,1.51851394,3177,3.502017215,1045,3.01911629,-1.245662193,-0.143746703,,
Lycoperdon perlatum,484,2.684845362,107,2.029383778,7662,3.884342148,1391,3.14332713,-0.675624182,0.098395584,,
Lycoperdon pratense,114,2.056904851,57,1.755874856,2085,3.319106059,842,2.925312091,-0.98998034,-0.294272435,,
Lycoperdon pyriforme,226,2.354108439,81,1.908485019,7207,3.857754522,1301,3.114277297,-0.81824219,0.035458113,,
Lycoperdon umbrinum,8,0.903089987,8,0.903089987,125,2.096910013,69,1.838849091,-1.879382637,-1.546935868,,
Lycoperdon utriforme,29,1.462397998,25,1.397940009,1062,3.026124517,504,2.702430536,-1.372175286,-0.597730001,,
Lyophyllum connatum,35,1.544068044,26,1.414973348,797,2.901458321,304,2.482873584,-1.354403978,-0.858758752,,
Lyophyllum decastes,25,1.397940009,20,1.301029996,1435,3.156851901,493,2.692846919,-1.472756449,-0.609700453,,
Lyophyllum eustygium,1,0,1,0,45,1.653212514,19,1.278753601,-2.787460475,-2.115873163,,
Lyophyllum fumosum,5,0.698970004,4,0.602059991,106,2.025305865,55,1.740362689,-2.183269844,-1.647916174,,
Lyophyllum gangraenosum,1,0,1,0,137,2.136720567,69,1.838849091,-2.787460475,-1.546935868,,
Lyophyllum konradianum,1,0,1,0,9,0.954242509,6,0.77815125,-2.787460475,-2.618745199,,
Lyophyllum semitale,1,0,1,0,20,1.301029996,13,1.113943352,-2.787460475,-2.281732433,,
Macrocystidia cucumis,41,1.612783857,31,1.491361694,732,2.864511081,307,2.487138375,-1.274306861,-0.853900256,,
Macrolepiota excoriata,17,1.230448921,13,1.113943352,169,2.227886705,84,1.924279286,-1.66493112,-1.458817644,,
Macrolepiota fuliginosa,25,1.397940009,19,1.278753601,28,1.447158031,18,1.255272505,-1.495763365,-2.139529272,,
Macrolepiota konradii,14,1.146128036,11,1.041392685,367,2.564666064,173,2.238046103,-1.738924627,-1.12875028,,
Macrolepiota mastoidea,13,1.113943352,6,0.77815125,610,2.785329835,214,2.330413773,-2.005752329,-1.028662453,,
Macrolepiota procera var. procera,33,1.51851394,25,1.397940009,2269,3.355834496,616,2.789580712,-1.372175286,-0.485500186,,
Macrotyphula fistulosa var. contorta,8,0.903089987,7,0.84509804,186,2.269512944,119,2.075546961,-1.938090651,-1.301212434,,
Macrotyphula fistulosa var. fistulosa,14,1.146128036,11,1.041392685,622,2.793790385,293,2.46686762,-1.738924627,-0.876934713,,
Macrotyphula juncea,9,0.954242509,8,0.903089987,371,2.56937391,198,2.29666519,-1.879382637,-1.065440129,,
Marasmiellus candidus,7,0.84509804,7,0.84509804,94,1.973127854,49,1.69019608,-1.938090651,-1.699147231,,
Marasmiellus ramealis,224,2.350248018,68,1.832508913,3286,3.516667559,762,2.881954971,-0.90468373,-0.358094801,,
Marasmiellus tricolor,4,0.602059991,4,0.602059991,56,1.748188027,28,1.447158031,-2.183269844,-1.945890435,,
Marasmiellus vaillantii,6,0.77815125,4,0.602059991,472,2.673941999,253,2.403120521,-2.183269844,-0.948482551,,
Marasmius alliaceus,8,0.903089987,8,0.903089987,79,1.897627091,32,1.505149978,-1.879382637,-1.887195177,,
Marasmius cohaerens,47,1.672097858,34,1.531478917,292,2.465382851,138,2.139879086,-1.231949077,-1.233400807,,
Marasmius curreyi,1,0,1,0,226,2.354108439,121,2.08278537,-2.787460475,-1.293609072,,
Marasmius epiphylloides,2,0.301029996,2,0.301029996,181,2.257678575,96,1.982271233,-2.485721426,-1.39866323,,
Marasmius epiphyllus,49,1.69019608,28,1.447158031,1042,3.017867719,415,2.618048097,-1.320739585,-0.701057963,,
Marasmius hudsonii,2,0.301029996,1,0,158,2.198657087,67,1.826074803,-2.787460475,-1.560067306,,
Marasmius oreades,132,2.120573931,53,1.72427587,3492,3.543074235,913,2.960470778,-1.024686992,-0.240106149,,
Marasmius rotula,64,1.806179974,44,1.643452676,3220,3.507855872,852,2.930439595,-1.112422179,-0.286517613,,
Marasmius saccharinus,1,0,1,0,4,0.602059991,4,0.602059991,-2.787460475,-2.79518459,,
Marasmius setosus,3,0.477121255,2,0.301029996,497,2.696356389,244,2.387389826,-2.485721426,-0.965949269,,
Marasmius torquescens,10,1,6,0.77815125,205,2.311753861,104,2.017033339,-2.005752329,-1.362453474,,
Marasmius wynneae,36,1.556302501,25,1.397940009,601,2.778874472,244,2.387389826,-1.372175286,-0.965949269,,
Mariannaea elegans,4,0.602059991,4,0.602059991,38,1.579783597,14,1.146128036,-2.183269844,-2.249373089,,
Marssonina betulae,1,0,1,0,6,0.77815125,4,0.602059991,-2.787460475,-2.79518459,,
Megacollybia platyphylla,177,2.247973266,68,1.832508913,2388,3.378034322,610,2.785329835,-0.90468373,-0.491131969,,
Megalocystidium leucoxanthum,2,0.301029996,2,0.301029996,42,1.62324929,25,1.397940009,-2.485721426,-1.995635195,,
Megalocystidium luridum,1,0,1,0,57,1.755874856,32,1.505149978,-2.787460475,-1.887195177,,
Melampsora caprearum,37,1.568201724,10,1,771,2.887054378,391,2.592176757,-1.781036939,-0.731899822,,
Melampsora epitea,1,0,1,0,14,1.146128036,14,1.146128036,-2.787460475,-2.249373089,,
Melampsora epitea var. epitea,5,0.698970004,5,0.698970004,514,2.710963119,282,2.450249108,-2.085647288,-0.895712433,,
Melampsora euphorbiae,23,1.361727836,7,0.84509804,435,2.638489257,190,2.278753601,-1.938090651,-1.084858379,,
Melampsora hypericorum,10,1,6,0.77815125,393,2.59439255,181,2.257678575,-2.005752329,-1.107622174,,
Melampsora populnea,43,1.633468456,34,1.531478917,1138,3.056142262,417,2.620136055,-1.231949077,-0.698553215,,
Melampsorella symphyti,26,1.414973348,12,1.079181246,194,2.28780173,78,1.892094603,-1.700415245,-1.492079536,,
Melanogaster broomeanus,1,0,1,0,75,1.875061263,42,1.62324929,-2.787460475,-1.767332588,,
Melanoleuca brevipes,4,0.602059991,3,0.477121255,200,2.301029996,104,2.017033339,-2.308919956,-1.362453474,,
Melanoleuca cognata var. cognata,4,0.602059991,4,0.602059991,544,2.7355989,222,2.346352974,-2.183269844,-1.011200745,,
Melanoleuca grammopodia,15,1.176091259,11,1.041392685,260,2.414973348,127,2.103803721,-1.738924627,-1.271494017,,
Melanoleuca humilis,2,0.301029996,1,0,44,1.643452676,23,1.361727836,-2.787460475,-2.032198171,,
Melanoleuca melaleuca,159,2.201397124,68,1.832508913,1264,3.101747074,438,2.641474111,-0.90468373,-0.67281455,,
Melanoleuca nivea,5,0.698970004,4,0.602059991,19,1.278753601,14,1.146128036,-2.183269844,-2.249373089,,
Melanoleuca polioleuca,55,1.740362689,30,1.477121255,1298,3.113274692,444,2.64738297,-1.289291592,-0.66564014,,
Melanoleuca strictipes,2,0.301029996,2,0.301029996,53,1.72427587,33,1.51851394,-2.485721426,-1.87365521,,
Melanomma pulvis-pyrius,27,1.431363764,18,1.255272505,769,2.88592634,346,2.539076099,-1.519973755,-0.7941696,,
Melanophyllum eyrei,12,1.079181246,3,0.477121255,85,1.929418926,35,1.544068044,-2.308919956,-1.847748879,,
Melanophyllum haematospermum,12,1.079181246,5,0.698970004,264,2.421603927,139,2.1430148,-2.085647288,-1.230081187,,
Melanopsamma pomiformis,4,0.602059991,4,0.602059991,23,1.361727836,19,1.278753601,-2.183269844,-2.115873163,,
Melanospora caprina,1,0,1,0,19,1.278753601,12,1.079181246,-2.787460475,-2.31666913,,
Melanotus horizontalis,1,0,1,0,393,2.59439255,205,2.311753861,-2.787460475,-1.049028829,,
Melastiza cornubiensis,5,0.698970004,3,0.477121255,429,2.632457292,234,2.369215857,-2.308919956,-0.986044048,,
Melomastia mastoidea,2,0.301029996,2,0.301029996,26,1.414973348,17,1.230448921,-2.485721426,-2.164527798,,
Mensularia radiata,11,1.041392685,8,0.903089987,1350,3.130333768,552,2.741939078,-1.879382637,-0.547649875,,
Meottomyces dissimulans,29,1.462397998,11,1.041392685,149,2.173186268,64,1.806179974,-1.738924627,-1.58049731,,
Meriderma cribrariodes,1,0,1,0,3,0.477121255,3,0.477121255,-2.787460475,-2.920297288,,
Meripilus giganteus,125,2.096910013,58,1.763427994,2224,3.347134783,604,2.781036939,-0.981646798,-0.496801394,,
Merismodes anomala,1,0,1,0,358,2.553883027,184,2.264817823,-2.787460475,-1.099920732,,
Merismodes fasciculata,1,0,1,0,77,1.886490725,48,1.681241237,-2.787460475,-1.708279228,,
Metasphaeria complanata,5,0.698970004,3,0.477121255,82,1.913813852,38,1.579783597,-2.308919956,-1.811504452,,
Microbotryum violaceum,1,0,1,0,111,2.045322979,70,1.84509804,-2.787460475,-1.540508234,,
Microdochium panattonianum,2,0.301029996,1,0,8,0.903089987,8,0.903089987,-2.787460475,-2.493458051,,
Microglossum olivaceum,3,0.477121255,3,0.477121255,355,2.550228353,104,2.017033339,-2.308919956,-1.362453474,,
Microglossum viride,1,0,1,0,153,2.184691431,78,1.892094603,-2.787460475,-1.492079536,,
Micropodia pteridina,1,0,1,0,422,2.625312451,227,2.356025857,-2.787460475,-1.000573579,,
Microsphaeropsis concentrica,2,0.301029996,1,0,19,1.278753601,16,1.204119983,-2.787460475,-2.191031609,,
Microsphaeropsis hellebori,5,0.698970004,2,0.301029996,22,1.342422681,12,1.079181246,-2.485721426,-2.31666913,,
Microsphaeropsis olivacea,1,0,1,0,57,1.755874856,19,1.278753601,-2.787460475,-2.115873163,,
Microthyrium ciliatum var. ciliatum,1,0,1,0,179,2.252853031,116,2.064457989,-2.787460475,-1.312848262,,
Microthyrium lauri,2,0.301029996,1,0,40,1.602059991,30,1.477121255,-2.787460475,-1.915575699,,
Microthyrium microscopicum,2,0.301029996,2,0.301029996,233,2.367355921,108,2.033423755,-2.485721426,-1.34533742,,
Mitrophora gigas,1,0,1,0,4,0.602059991,3,0.477121255,-2.787460475,-2.920297288,,
Mitrophora semilibera,4,0.602059991,4,0.602059991,678,2.831229694,221,2.344392274,-2.183269844,-1.013352051,,
Mitrula paludosa,9,0.954242509,7,0.84509804,569,2.755112266,246,2.390935107,-1.938090651,-0.962018805,,
Miyagia pseudosphaeria,4,0.602059991,3,0.477121255,449,2.652246341,187,2.271841607,-2.308919956,-1.092334026,,
Mollisia aquosa,5,0.698970004,5,0.698970004,46,1.662757832,31,1.491361694,-2.085647288,-1.901159396,,
Mollisia caespiticia,4,0.602059991,4,0.602059991,46,1.662757832,32,1.505149978,-2.183269844,-1.887195177,,
Mollisia cinerascens,1,0,1,0,5,0.698970004,3,0.477121255,-2.787460475,-2.920297288,,
Mollisia cinerea,101,2.004321374,49,1.69019608,2726,3.435525851,814,2.910624405,-1.061852368,-0.316233165,,
Mollisia cinerella,1,0,1,0,259,2.413299764,114,2.056904851,-2.787460475,-1.320765588,,
Mollisia clavata,4,0.602059991,3,0.477121255,304,2.482873584,140,2.146128036,-2.308919956,-1.226783967,,
Mollisia discolor var. longispora,3,0.477121255,3,0.477121255,193,2.285557309,72,1.857332496,-2.308919956,-1.527916186,,
Mollisia fallax,1,0,1,0,81,1.908485019,43,1.633468456,-2.787460475,-1.756936701,,
Mollisia ligni,3,0.477121255,2,0.301029996,560,2.748188027,263,2.419955748,-2.485721426,-0.929710236,,
Mollisia melaleuca,1,0,1,0,620,2.792391689,286,2.456366033,-2.787460475,-0.888811583,,
Mollisia salicis,1,0,1,0,3,0.477121255,2,0.301029996,-2.787460475,-3.096562438,,
Monacrosporium subtile,1,0,1,0,9,0.954242509,6,0.77815125,-2.787460475,-2.618745199,,
Monilinia fructigena,8,0.903089987,6,0.77815125,127,2.103803721,63,1.799340549,-2.005752329,-1.58751498,,
Monilinia laxa,1,0,1,0,50,1.698970004,21,1.322219295,-2.787460475,-2.072057232,,
Morchella elata,5,0.698970004,5,0.698970004,153,2.184691431,79,1.897627091,-2.085647288,-1.486367698,,
Morchella esculenta,45,1.653212514,21,1.322219295,579,2.762678564,224,2.350248018,-1.450835399,-1.006924239,,
Morchella vulgaris,9,0.954242509,9,0.954242509,110,2.041392685,58,1.763427994,-1.827512865,-1.624317666,,
Morenoina fimbriata,1,0,1,0,11,1.041392685,8,0.903089987,-2.787460475,-2.493458051,,
Mortierella reticulata,1,0,1,0,3,0.477121255,3,0.477121255,-2.787460475,-2.920297288,,
Mucor genevensis,3,0.477121255,3,0.477121255,16,1.204119983,16,1.204119983,-2.308919956,-2.191031609,,
Mucor mucedo,26,1.414973348,12,1.079181246,94,1.973127854,46,1.662757832,-1.700415245,-1.727116727,,
Mucor racemosus f. racemosus,1,0,1,0,73,1.86332286,17,1.230448921,-2.787460475,-2.164527798,,
Mucronella calva,3,0.477121255,3,0.477121255,179,2.252853031,85,1.929418926,-2.308919956,-1.453498209,,
Mutinus caninus,75,1.875061263,43,1.633468456,2048,3.311329952,690,2.838849091,-1.123167653,-0.418829484,,
Mycena acicula,33,1.51851394,22,1.342422681,1454,3.162564407,557,2.745855195,-1.429899026,-0.542617605,,
Mycena adonis var. adonis,9,0.954242509,7,0.84509804,280,2.447158031,131,2.117271296,-1.938090651,-1.257293765,,
Mycena adonis var. coccinea,1,0,1,0,31,1.491361694,15,1.176091259,-2.787460475,-2.219235134,,
Mycena aetites,74,1.86923172,39,1.591064607,1191,3.075911761,463,2.665580991,-1.168603238,-0.643410038,,
Mycena alba,16,1.204119983,14,1.146128036,65,1.812913357,43,1.633468456,-1.632023215,-1.756936701,,
Mycena alcalina,40,1.602059991,14,1.146128036,1033,3.014100322,407,2.609594409,-1.632023215,-0.711174819,,
Mycena amicta,11,1.041392685,10,1,483,2.683947131,268,2.428134794,-1.781036939,-0.920559396,,
Mycena ammoniaca,4,0.602059991,1,0,13,1.113943352,9,0.954242509,-2.787460475,-2.442131218,,
Mycena arcangeliana,35,1.544068044,27,1.431363764,2793,3.446070936,708,2.850033258,-1.337274337,-0.403304748,,
Mycena atropapillata,1,0,1,0,7,0.84509804,5,0.698970004,-2.787460475,-2.698100546,,
Mycena aurantiomarginata,2,0.301029996,2,0.301029996,27,1.431363764,22,1.342422681,-2.485721426,-2.051678621,,
Mycena capillaripes,8,0.903089987,7,0.84509804,422,2.625312451,180,2.255272505,-1.938090651,-1.11021548,,
Mycena capillaris,114,2.056904851,49,1.69019608,742,2.870403905,341,2.532754379,-1.061852368,-0.801498263,,
Mycena chlorantha,10,1,5,0.698970004,108,2.033423755,50,1.698970004,-2.085647288,-1.69019608,,
Mycena cinerella,15,1.176091259,13,1.113943352,692,2.840106094,296,2.471291711,-1.66493112,-0.871919879,,
Mycena citrinomarginata,6,0.77815125,5,0.698970004,94,1.973127854,48,1.681241237,-2.085647288,-1.708279228,,
Mycena clavicularis,1,0,1,0,145,2.161368002,78,1.892094603,-2.787460475,-1.492079536,,
Mycena clavularis,59,1.770852012,37,1.568201724,183,2.26245109,116,2.064457989,-1.192974089,-1.312848262,,
Mycena concolor,1,0,1,0,11,1.041392685,7,0.84509804,-2.787460475,-2.551624238,,
Mycena crocata,7,0.84509804,3,0.477121255,638,2.804820679,153,2.184691431,-2.308919956,-1.185821659,,
Mycena epipterygia,107,2.029383778,46,1.662757832,2806,3.448087667,890,2.949390007,-1.091590504,-0.257435869,,
Mycena epipterygia var. pelliculosa,1,0,1,0,54,1.73239376,29,1.462397998,-2.787460475,-1.930474748,,
Mycena erubescens,19,1.278753601,17,1.230448921,71,1.851258349,42,1.62324929,-1.54552541,-1.767332588,,
Mycena fagetorum,1,0,1,0,18,1.255272505,12,1.079181246,-2.787460475,-2.31666913,,
Mycena filopes,73,1.86332286,46,1.662757832,2566,3.409256652,858,2.933487288,-1.091590504,-0.281885865,,
Mycena flavescens,3,0.477121255,3,0.477121255,254,2.404833717,149,2.173186268,-2.308919956,-1.198066361,,
Mycena flavoalba,12,1.079181246,7,0.84509804,1610,3.206825876,582,2.764922985,-1.938090651,-0.517925618,,
Mycena galericulata,289,2.460897843,104,2.017033339,9585,3.981592117,1345,3.128722284,-0.690536837,0.0661403,,
Mycena galopus var. candida,20,1.301029996,13,1.113943352,728,2.862131379,337,2.527629901,-1.66493112,-0.807426619,,
Mycena galopus var. galopus,148,2.170261715,69,1.838849091,5946,3.774224905,1127,3.051923916,-0.897547412,-0.085746621,,
Mycena galopus var. nigra,223,2.348304863,68,1.832508913,1375,3.138302698,517,2.713490543,-0.90468373,-0.583832171,,
Mycena haematopus,148,2.170261715,69,1.838849091,2276,3.357172258,697,2.843232778,-0.897547412,-0.412762949,,
Mycena hiemalis,244,2.387389826,78,1.892094603,431,2.63447727,227,2.356025857,-0.837070187,-1.000573579,,
Mycena inclinata,239,2.378397901,77,1.886490725,3361,3.526468512,763,2.882524538,-0.843483561,-0.35727528,,
Mycena leptocephala,192,2.283301229,59,1.770852012,2756,3.440279213,863,2.936010796,-0.973440971,-0.278037884,,
Mycena luteoalba,45,1.653212514,29,1.462397998,5,0.698970004,4,0.602059991,-1.304757868,-2.79518459,,
Mycena maculata,2,0.301029996,2,0.301029996,109,2.037426498,60,1.77815125,-2.485721426,-1.609238576,,
Mycena metata,471,2.673020907,100,2,749,2.874481818,354,2.549003262,-0.710963119,-0.782626456,,
Mycena mucor,18,1.255272505,17,1.230448921,59,1.770852012,41,1.612783857,-1.54552541,-1.777974672,,
Mycena olida,153,2.184691431,61,1.785329835,797,2.901458321,312,2.494154594,-0.957395296,-0.845892724,,
Mycena olivaceomarginata,7,0.84509804,6,0.77815125,673,2.828015064,275,2.439332694,-2.005752329,-0.907997321,,
Mycena pearsoniana,7,0.84509804,4,0.602059991,103,2.012837225,54,1.73239376,-2.183269844,-1.656062693,,
Mycena pelianthina,171,2.23299611,53,1.72427587,1063,3.026533265,249,2.396199347,-1.024686992,-0.956176148,,
Mycena polyadelpha,73,1.86332286,41,1.612783857,272,2.434568904,134,2.127104798,-1.145370765,-1.246909942,,
Mycena polygramma,271,2.432969291,75,1.875061263,2683,3.428620673,735,2.866287339,-0.856527502,-0.380457371,,
Mycena pseudocorticola,9,0.954242509,9,0.954242509,256,2.408239965,147,2.167317335,-1.827512865,-1.204304592,,
Mycena pura,336,2.526339277,93,1.968482949,5456,3.736874362,1072,3.030194785,-0.748354775,-0.124533422,,
Mycena renati,1,0,1,0,9,0.954242509,5,0.698970004,-2.787460475,-2.698100546,,
Mycena rorida,34,1.531478917,23,1.361727836,604,2.781036939,318,2.50242712,-1.409859645,-0.836427626,,
Mycena rosea,189,2.276461804,54,1.73239376,1148,3.059941888,344,2.536558443,-1.015794267,-0.797090314,,
Mycena rosella,5,0.698970004,5,0.698970004,116,2.064457989,60,1.77815125,-2.085647288,-1.609238576,,
Mycena rubromarginata,7,0.84509804,7,0.84509804,164,2.214843848,97,1.986771734,-1.938090651,-1.393982037,,
Mycena sanguinolenta,16,1.204119983,11,1.041392685,2332,3.367728546,827,2.91750551,-1.738924627,-0.305990431,,
Mycena speirea,257,2.409933123,86,1.934498451,2022,3.305781151,633,2.80140371,-0.788135471,-0.469740608,,
Mycena stylobates,35,1.544068044,28,1.447158031,700,2.84509804,353,2.547774705,-1.320739585,-0.784057339,,
Mycena tenerrima,174,2.240549248,76,1.880813592,1957,3.291590826,557,2.745855195,-0.849968683,-0.542617605,,
Mycena vitilis,277,2.442479769,81,1.908485019,3313,3.520221436,816,2.911690159,-0.81824219,-0.314651928,,
Mycena vulgaris,8,0.903089987,7,0.84509804,144,2.158362492,86,1.934498451,-1.938090651,-1.448238815,,
Mycena zephirus,8,0.903089987,7,0.84509804,27,1.431363764,14,1.146128036,-1.938090651,-2.249373089,,
Mycenella bryophila,13,1.113943352,9,0.954242509,56,1.748188027,37,1.568201724,-1.827512865,-1.823262688,,
Mycetinis scorodonius,18,1.255272505,14,1.146128036,15,1.176091259,10,1,-1.632023215,-2.396199347,,
Mycoacia uda,4,0.602059991,3,0.477121255,824,2.915927212,392,2.593286067,-2.308919956,-0.73058454,,
Mycogone perniciosa,4,0.602059991,4,0.602059991,19,1.278753601,17,1.230448921,-2.183269844,-2.164527798,,
Mycogone rosea,4,0.602059991,3,0.477121255,35,1.544068044,23,1.361727836,-2.308919956,-2.032198171,,
Mycosphaerella brassicicola,1,0,1,0,38,1.579783597,10,1,-2.787460475,-2.396199347,,
Mycosphaerella brunneola,1,0,1,0,3,0.477121255,3,0.477121255,-2.787460475,-2.920297288,,
Mycosphaerella fagi,13,1.113943352,10,1,10,1,10,1,-1.781036939,-2.396199347,,
Mycosphaerella hedericola,67,1.826074803,24,1.380211242,29,1.462397998,13,1.113943352,-1.39064077,-2.281732433,,
Mycosphaerella latebrosa,10,1,8,0.903089987,34,1.531478917,19,1.278753601,-1.879382637,-2.115873163,,
Mycosphaerella plantaginis,11,1.041392685,10,1,13,1.113943352,10,1,-1.781036939,-2.396199347,,
Mycosphaerella podagrariae,2,0.301029996,1,0,79,1.897627091,53,1.72427587,-2.787460475,-1.6643581,,
Mycosphaerella punctiformis,6,0.77815125,3,0.477121255,385,2.58546073,137,2.136720567,-2.308919956,-1.236743154,,
Mycosphaerella rubi,139,2.1430148,62,1.792391689,50,1.698970004,38,1.579783597,-0.949547388,-1.811504452,,
Mycosphaerella superflua,9,0.954242509,8,0.903089987,155,2.190331698,97,1.986771734,-1.879382637,-1.393982037,,
Mycosphaerella tassiana,12,1.079181246,10,1,658,2.818225894,156,2.193124598,-1.781036939,-1.176833009,,
Mycosphaerella ulmi,4,0.602059991,4,0.602059991,69,1.838849091,49,1.69019608,-2.183269844,-1.699147231,,
Myxomphalia maura,12,1.079181246,11,1.041392685,141,2.149219113,70,1.84509804,-1.738924627,-1.540508234,,
Naucoria amarescens,2,0.301029996,1,0,31,1.491361694,19,1.278753601,-2.787460475,-2.115873163,,
Naucoria escharioides,12,1.079181246,9,0.954242509,924,2.965671971,432,2.635483747,-1.827512865,-0.680066788,,
Naucoria luteolofibrillosa,1,0,1,0,71,1.851258349,37,1.568201724,-2.787460475,-1.823262688,,
Naucoria striatula,1,0,1,0,253,2.403120521,125,2.096910013,-2.787460475,-1.278753601,,
Naucoria subconspersa,6,0.77815125,5,0.698970004,253,2.403120521,115,2.06069784,-2.085647288,-1.316790543,,
Nectria aurantiaca,1,0,1,0,17,1.230448921,11,1.041392685,-2.787460475,-2.354632211,,
Nectria cinnabarina,261,2.416640507,98,1.991226076,6474,3.811172695,1109,3.044931546,-0.721423626,-0.098395584,,
Nectria coccinea,16,1.204119983,12,1.079181246,558,2.746634199,261,2.416640507,-1.700415245,-0.933413586,,
Nectria episphaeria,12,1.079181246,11,1.041392685,673,2.828015064,312,2.494154594,-1.738924627,-0.845892724,,
Nectria fuckeliana,1,0,1,0,99,1.995635195,39,1.591064607,-2.787460475,-1.800047007,,
Nectria inventa,2,0.301029996,2,0.301029996,63,1.799340549,26,1.414973348,-2.485721426,-1.978426347,,
Nectria leptosphaeriae,1,0,1,0,57,1.755874856,34,1.531478917,-2.787460475,-1.860514155,,
Nectria magnusiana,4,0.602059991,4,0.602059991,64,1.806179974,43,1.633468456,-2.183269844,-1.756936701,,
Nectria pallidula,2,0.301029996,2,0.301029996,24,1.380211242,13,1.113943352,-2.485721426,-2.281732433,,
Nectria peziza,1,0,1,0,225,2.352182518,122,2.086359831,-2.787460475,-1.28985202,,
Nectria pinea,1,0,1,0,35,1.544068044,17,1.230448921,-2.787460475,-2.164527798,,
Nectria pseudopeziza,1,0,1,0,52,1.716003344,36,1.556302501,-2.787460475,-1.835338203,,
Nectria sinopica,2,0.301029996,2,0.301029996,51,1.707570176,34,1.531478917,-2.485721426,-1.860514155,,
Nectria viridescens,2,0.301029996,2,0.301029996,53,1.72427587,15,1.176091259,-2.485721426,-2.219235134,,
Nectriopsis sporangiicola,6,0.77815125,6,0.77815125,102,2.008600172,52,1.716003344,-2.005752329,-1.67280807,,
Nemania confluens,3,0.477121255,3,0.477121255,239,2.378397901,139,2.1430148,-2.308919956,-1.230081187,,
Nemania serpens var. serpens,19,1.278753601,16,1.204119983,700,2.84509804,309,2.489958479,-1.572581201,-0.850683898,,
Neobulgaria pura  var. foliacea,1,0,1,0,68,1.832508913,40,1.602059991,-2.787460475,-1.788875116,,
Neobulgaria pura var. pura,88,1.944482672,37,1.568201724,1167,3.067070856,365,2.562292864,-1.192974089,-0.767105015,,
Neodasyscypha cerina,1,0,1,0,90,1.954242509,55,1.740362689,-2.787460475,-1.647916174,,
Neoerysiphe galeopsidis,25,1.397940009,11,1.041392685,772,2.8876173,381,2.580924976,-1.738924627,-0.745205981,,
Neoerysiphe galii,2,0.301029996,2,0.301029996,90,1.954242509,69,1.838849091,-2.485721426,-1.546935868,,
Neolentinus lepideus,4,0.602059991,3,0.477121255,90,1.954242509,56,1.748188027,-2.308919956,-1.639913175,,
Neomarssoniella juglandis,1,0,1,0,38,1.579783597,29,1.462397998,-2.787460475,-1.930474748,,
Neottiella rutilans,3,0.477121255,3,0.477121255,111,2.045322979,54,1.73239376,-2.308919956,-1.656062693,,
Nidularia deformis,1,0,1,0,69,1.838849091,49,1.69019608,-2.787460475,-1.699147231,,
Niptera ramincola,4,0.602059991,4,0.602059991,40,1.602059991,30,1.477121255,-2.183269844,-1.915575699,,
Nitschkia collapsa,1,0,1,0,47,1.672097858,27,1.431363764,-2.787460475,-1.961860352,,
Nitschkia confertula,2,0.301029996,2,0.301029996,49,1.69019608,32,1.505149978,-2.485721426,-1.887195177,,
Nitschkia cupularis,1,0,1,0,66,1.819543936,44,1.643452676,-2.787460475,-1.746775686,,
Nodulisporium gregarium,2,0.301029996,2,0.301029996,2,0.301029996,1,0,-2.485721426,-3.397766256,,
Nodulosphaeria cirsii,1,0,1,0,38,1.579783597,25,1.397940009,-2.787460475,-1.995635195,,
Oligonema flavidum,6,0.77815125,3,0.477121255,2,0.301029996,2,0.301029996,-2.308919956,-3.096562438,,
Omphalina demissa,1,0,1,0,4,0.602059991,2,0.301029996,-2.787460475,-3.096562438,,
Omphalina pseudoandrosacea,1,0,1,0,1,0,1,0,-2.787460475,-3.397766256,,
Omphalina pyxidata,10,1,10,1,204,2.309630167,114,2.056904851,-1.781036939,-1.320765588,,
Ophiobolus acuminatus,5,0.698970004,4,0.602059991,205,2.311753861,108,2.033423755,-2.183269844,-1.34533742,,
Ophiostoma ulmi,95,1.977723605,58,1.763427994,155,2.190331698,82,1.913813852,-0.981646798,-1.469642444,,
Ophiovalsa betulae,2,0.301029996,1,0,29,1.462397998,19,1.278753601,-2.787460475,-2.115873163,,
Orbilia auricolor,3,0.477121255,3,0.477121255,424,2.627365857,224,2.350248018,-2.308919956,-1.006924239,,
Orbilia curvatispora,2,0.301029996,1,0,148,2.170261715,89,1.949390007,-2.787460475,-1.432807204,,
Orbilia cyathea,1,0,1,0,36,1.556302501,20,1.301029996,-2.787460475,-2.093421685,,
Orbilia leucostigma,19,1.278753601,14,1.146128036,256,2.408239965,141,2.149219113,-1.632023215,-1.223508828,,
Orbilia luteorubella,1,0,1,0,114,2.056904851,79,1.897627091,-2.787460475,-1.486367698,,
Orbilia xanthostigma,28,1.447158031,22,1.342422681,1191,3.075911761,496,2.695481676,-1.429899026,-0.606416041,,
Ossicaulis lignatilis,7,0.84509804,7,0.84509804,233,2.367355921,94,1.973127854,-1.938090651,-1.408167769,,
Otidea alutacea,3,0.477121255,3,0.477121255,411,2.613841822,190,2.278753601,-2.308919956,-1.084858379,,
Otidea bufonia,3,0.477121255,3,0.477121255,288,2.459392488,127,2.103803721,-2.308919956,-1.271494017,,
Otidea cantharella,2,0.301029996,1,0,12,1.079181246,9,0.954242509,-2.787460475,-2.442131218,,
Otidea cochleata,1,0,1,0,99,1.995635195,51,1.707570176,-2.787460475,-1.681418609,,
Otidea leporina,2,0.301029996,1,0,41,1.612783857,26,1.414973348,-2.787460475,-1.978426347,,
Otidea onotica,3,0.477121255,3,0.477121255,616,2.789580712,249,2.396199347,-2.308919956,-0.956176148,,
Otthia spiraeae,2,0.301029996,2,0.301029996,34,1.531478917,17,1.230448921,-2.485721426,-2.164527798,,
Oudemansiella mucida,182,2.260071388,60,1.77815125,2553,3.407050815,628,2.797959644,-0.965358514,-0.474346201,,
Oxyporus obducens,3,0.477121255,3,0.477121255,56,1.748188027,25,1.397940009,-2.308919956,-1.995635195,,
Oxyporus populinus,4,0.602059991,4,0.602059991,434,2.63748973,215,2.33243846,-2.183269844,-1.026447744,,
Pachyella babingtonii,1,0,1,0,203,2.307496038,116,2.064457989,-2.787460475,-1.312848262,,
Pachyella violaceonigra,1,0,1,0,62,1.792391689,13,1.113943352,-2.787460475,-2.281732433,,
Paecilomyces marquandii,2,0.301029996,2,0.301029996,35,1.544068044,13,1.113943352,-2.485721426,-2.281732433,,
Panaeolina foenisecii,281,2.44870632,67,1.826074803,2242,3.350635608,783,2.893761762,-0.911912524,-0.341008533,,
Panaeolus acuminatus,26,1.414973348,18,1.255272505,2028,3.307067951,735,2.866287339,-1.519973755,-0.380457371,,
Panaeolus cinctulus,4,0.602059991,4,0.602059991,276,2.440909082,146,2.164352856,-2.183269844,-1.207453603,,
Panaeolus fimicola,102,2.008600172,42,1.62324929,998,2.999130541,396,2.597695186,-1.134146738,-0.72535055,,
Panaeolus papilionaceus var. papilionaceus,312,2.494154594,114,2.056904851,2428,3.385248682,809,2.907948522,-0.642065153,-0.320195086,,
Panaeolus papilionaceus var. parvisporus,11,1.041392685,11,1.041392685,52,1.716003344,32,1.505149978,-1.738924627,-1.887195177,,
Panaeolus semiovatus var. semiovatus,59,1.770852012,39,1.591064607,1226,3.08849047,493,2.692846919,-1.168603238,-0.609700453,,
Pandora dipterigena,2,0.301029996,2,0.301029996,38,1.579783597,23,1.361727836,-2.485721426,-2.032198171,,
Panellus mitis,49,1.69019608,29,1.462397998,493,2.692846919,222,2.346352974,-1.304757868,-1.011200745,,
Panellus ringens,3,0.477121255,1,0,2,0.301029996,2,0.301029996,-2.787460475,-3.096562438,,
Panellus stipticus,240,2.380211242,73,1.86332286,1388,3.142389466,378,2.5774918,-0.869874405,-0.74925358,,
Panus conchatus,8,0.903089987,7,0.84509804,217,2.336459734,123,2.089905111,-1.938090651,-1.28612407,,
Parasola auricoma,8,0.903089987,8,0.903089987,411,2.613841822,153,2.184691431,-1.879382637,-1.185821659,,
Parasola conopilus,78,1.892094603,50,1.698970004,1040,3.017033339,414,2.617000341,-1.0523091,-0.702313963,,
Parasola galericuliformis,22,1.342422681,16,1.204119983,60,1.77815125,28,1.447158031,-1.572581201,-1.945890435,,
Parasola plicatilis,342,2.534026106,94,1.973127854,3596,3.555819683,908,2.958085849,-0.74287549,-0.243857215,,
Parmelia sulcata,3,0.477121255,3,0.477121255,369,2.567026366,115,2.06069784,-2.308919956,-1.316790543,,
Parmelina tiliacea,1,0,1,0,19,1.278753601,7,0.84509804,-2.787460475,-2.551624238,,
Parmotrema crinitum,1,0,1,0,15,1.176091259,10,1,-2.787460475,-2.396199347,,
Parmotrema perlatum,1,0,1,0,73,1.86332286,25,1.397940009,-2.787460475,-1.995635195,,
Paxillus involutus,326,2.5132176,85,1.929418926,9195,3.963551734,1438,3.157758886,-0.794036746,0.131634369,,
Pellidiscus pallidus,2,0.301029996,2,0.301029996,51,1.707570176,26,1.414973348,-2.485721426,-1.978426347,,
Peltigera canina,6,0.77815125,3,0.477121255,35,1.544068044,26,1.414973348,-2.308919956,-1.978426347,,
Peltigera didactyla,2,0.301029996,2,0.301029996,20,1.301029996,17,1.230448921,-2.485721426,-2.164527798,,
Penicillium aurantiogriseum,5,0.698970004,4,0.602059991,370,2.568201724,24,1.380211242,-2.183269844,-2.013539399,,
Penicillium brevicompactum,76,1.880813592,39,1.591064607,531,2.725094521,91,1.959041392,-1.168603238,-1.422795408,,
Penicillium vulpinum,1,0,1,0,53,1.72427587,30,1.477121255,-2.787460475,-1.915575699,,
Peniophora boidinii,2,0.301029996,2,0.301029996,13,1.113943352,11,1.041392685,-2.485721426,-2.354632211,,
Peniophora cinerea,9,0.954242509,8,0.903089987,949,2.977266212,324,2.51054501,-1.879382637,-0.827113881,,
Peniophora erikssonii,1,0,1,0,20,1.301029996,13,1.113943352,-2.787460475,-2.281732433,,
Peniophora incarnata,13,1.113943352,7,0.84509804,697,2.843232778,364,2.561101384,-1.938090651,-0.768499865,,
Peniophora limitata,2,0.301029996,2,0.301029996,598,2.776701184,277,2.442479769,-2.485721426,-0.904459694,,
Peniophora lycii,100,2,45,1.653212514,1389,3.142702246,471,2.673020907,-1.101899753,-0.63426114,,
Peniophora polygonia,2,0.301029996,2,0.301029996,99,1.995635195,60,1.77815125,-2.485721426,-1.609238576,,
Peniophora quercina,28,1.447158031,19,1.278753601,1727,3.237292338,554,2.743509765,-1.495763365,-0.545633071,,
Peniophora rufomarginata,1,0,1,0,93,1.968482949,52,1.716003344,-2.787460475,-1.67280807,,
Peniophora violaceolivida,2,0.301029996,2,0.301029996,106,2.025305865,70,1.84509804,-2.485721426,-1.540508234,,
Peniophorella praetermissa,1,0,1,0,520,2.716003344,256,2.408239965,-2.787460475,-0.942782887,,
Peniophorella pubera,4,0.602059991,4,0.602059991,326,2.5132176,164,2.214843848,-2.183269844,-1.15362899,,
Perenniporia fraxinea,1,0,1,0,170,2.230448921,73,1.86332286,-2.787460475,-1.521746916,,
Perenniporia medulla-panis,9,0.954242509,8,0.903089987,10,1,8,0.903089987,-1.879382637,-2.493458051,,
Periconia atra,3,0.477121255,3,0.477121255,47,1.672097858,33,1.51851394,-2.308919956,-1.87365521,,
Periconia byssoides,6,0.77815125,6,0.77815125,248,2.394451681,137,2.136720567,-2.005752329,-1.236743154,,
Peronospora euphorbiae,1,0,1,0,3,0.477121255,3,0.477121255,-2.787460475,-2.920297288,,
Peronospora oerteliana,1,0,1,0,22,1.342422681,15,1.176091259,-2.787460475,-2.219235134,,
Peronospora polygoni-convolvuli,1,0,1,0,3,0.477121255,3,0.477121255,-2.787460475,-2.920297288,,
Pertusaria pertusa,2,0.301029996,2,0.301029996,118,2.071882007,50,1.698970004,-2.485721426,-1.69019608,,
Peyronellaea curtisii,1,0,1,0,15,1.176091259,13,1.113943352,-2.787460475,-2.281732433,,
Pezicula acericola,1,0,1,0,59,1.770852012,26,1.414973348,-2.787460475,-1.978426347,,
Pezicula cinnamomea,1,0,1,0,67,1.826074803,38,1.579783597,-2.787460475,-1.811504452,,
Pezicula livida,1,0,1,0,216,2.334453751,109,2.037426498,-2.787460475,-1.341153078,,
Pezicula ocellata,1,0,1,0,18,1.255272505,16,1.204119983,-2.787460475,-2.191031609,,
Pezicula rubi,1,0,1,0,137,2.136720567,84,1.924279286,-2.787460475,-1.458817644,,
Peziza ampliata,5,0.698970004,5,0.698970004,139,2.1430148,79,1.897627091,-2.085647288,-1.486367698,,
Peziza arvernensis,2,0.301029996,2,0.301029996,151,2.178976947,60,1.77815125,-2.485721426,-1.609238576,,
Peziza badia,45,1.653212514,26,1.414973348,910,2.959041392,416,2.619093331,-1.354403978,-0.699804384,,
Peziza badioconfusa,1,0,1,0,47,1.672097858,22,1.342422681,-2.787460475,-2.051678621,,
Peziza badiofusca,1,0,1,0,32,1.505149978,17,1.230448921,-2.787460475,-2.164527798,,
Peziza cerea,8,0.903089987,6,0.77815125,287,2.457881897,149,2.173186268,-2.005752329,-1.198066361,,
Peziza echinospora,13,1.113943352,11,1.041392685,289,2.460897843,173,2.238046103,-1.738924627,-1.12875028,,
Peziza howsei,5,0.698970004,3,0.477121255,111,2.045322979,70,1.84509804,-2.308919956,-1.540508234,,
Peziza michelii,3,0.477121255,1,0,115,2.06069784,61,1.785329835,-2.787460475,-1.601881965,,
Peziza micropus,4,0.602059991,4,0.602059991,597,2.775974331,268,2.428134794,-2.183269844,-0.920559396,,
Peziza petersii,6,0.77815125,4,0.602059991,187,2.271841607,103,2.012837225,-2.183269844,-1.366830809,,
Peziza praetervisa,9,0.954242509,9,0.954242509,32,1.505149978,21,1.322219295,-1.827512865,-2.072057232,,
Peziza proteana f. proteana,1,0,1,0,49,1.69019608,22,1.342422681,-2.787460475,-2.051678621,,
Peziza proteana f. sparassoides,5,0.698970004,2,0.301029996,59,1.770852012,40,1.602059991,-2.485721426,-1.788875116,,
Peziza queletii,1,0,1,0,47,1.672097858,23,1.361727836,-2.787460475,-2.032198171,,
Peziza repanda,69,1.838849091,48,1.681241237,651,2.813580989,316,2.499687083,-1.071575194,-0.839565551,,
Peziza saniosa,1,0,1,0,24,1.380211242,17,1.230448921,-2.787460475,-2.164527798,,
Peziza succosa,11,1.041392685,9,0.954242509,430,2.633468456,180,2.255272505,-1.827512865,-1.11021548,,
Peziza varia,15,1.176091259,13,1.113943352,352,2.546542663,179,2.252853031,-1.66493112,-1.112822109,,
Peziza vesiculosa,9,0.954242509,7,0.84509804,557,2.745855195,272,2.434568904,-1.938090651,-0.913346282,,
Pezizella alniella,1,0,1,0,184,2.264817823,100,2,-2.787460475,-1.380211242,,
Pezizella chionea,2,0.301029996,2,0.301029996,79,1.897627091,49,1.69019608,-2.485721426,-1.699147231,,
Pezizella glareosa,1,0,1,0,8,0.903089987,4,0.602059991,-2.787460475,-2.79518459,,
Pezizella punctoidea,1,0,1,0,32,1.505149978,20,1.301029996,-2.787460475,-2.093421685,,
Pezizella vulgaris,5,0.698970004,4,0.602059991,37,1.568201724,26,1.414973348,-2.183269844,-1.978426347,,
Phacidium falconeri,1,0,1,0,6,0.77815125,4,0.602059991,-2.787460475,-2.79518459,,
Phacidium multivalve,5,0.698970004,5,0.698970004,598,2.776701184,284,2.45331834,-2.085647288,-0.892251416,,
Phaeohelotium flexuosum,1,0,1,0,35,1.544068044,23,1.361727836,-2.787460475,-2.032198171,,
Phaeohelotium italicum,6,0.77815125,6,0.77815125,18,1.255272505,12,1.079181246,-2.005752329,-2.31666913,,
Phaeohelotium nobile,3,0.477121255,3,0.477121255,56,1.748188027,35,1.544068044,-2.308919956,-1.847748879,,
Phaeohelotium subcarneum,1,0,1,0,26,1.414973348,18,1.255272505,-2.787460475,-2.139529272,,
Phaeoisaria clavulata,2,0.301029996,1,0,41,1.612783857,23,1.361727836,-2.787460475,-2.032198171,,
Phaeolepiota aurea,2,0.301029996,1,0,164,2.214843848,67,1.826074803,-2.787460475,-1.560067306,,
Phaeolus schweinitzii,66,1.819543936,29,1.462397998,1473,3.168202747,467,2.669316881,-1.304757868,-0.638820498,,
Phaeomarasmius erinaceus,1,0,1,0,219,2.340444115,131,2.117271296,-2.787460475,-1.257293765,,
Phaeophyscia orbicularis,1,0,1,0,154,2.187520721,66,1.819543936,-2.787460475,-1.566776638,,
Phaeosphaeria eustoma,1,0,1,0,119,2.075546961,79,1.897627091,-2.787460475,-1.486367698,,
Phaeosphaeria nodorum,1,0,1,0,142,2.152288344,55,1.740362689,-2.787460475,-1.647916174,,
Phallus impudicus var. impudicus,278,2.444044796,82,1.913813852,7279,3.862071719,1386,3.14176323,-0.81209778,0.094878039,,
Phanerochaete magnoliae,1,0,1,0,21,1.322219295,15,1.176091259,-2.787460475,-2.219235134,,
Phanerochaete sordida,1,0,1,0,382,2.582063363,188,2.274157849,-2.787460475,-1.08982998,,
Phanerochaete velutina,3,0.477121255,3,0.477121255,433,2.636487896,229,2.359835482,-2.308919956,-0.996381652,,
Phellinus conchatus,3,0.477121255,3,0.477121255,54,1.73239376,35,1.544068044,-2.308919956,-1.847748879,,
Phellinus igniarius,9,0.954242509,7,0.84509804,697,2.843232778,300,2.477121255,-1.938090651,-0.865301426,,
Phellinus laevigatus,3,0.477121255,3,0.477121255,24,1.380211242,16,1.204119983,-2.308919956,-2.191031609,,
Phellinus nigricans,1,0,1,0,16,1.204119983,11,1.041392685,-2.787460475,-2.354632211,,
Phellinus pomaceus,21,1.322219295,14,1.146128036,472,2.673941999,208,2.318063335,-1.632023215,-1.042151278,,
Phellodon tomentosus,1,0,1,0,521,2.716837723,41,1.612783857,-2.787460475,-1.777974672,,
Phialea strobilina,1,0,1,0,12,1.079181246,10,1,-2.787460475,-2.396199347,,
Phialina separabilis,1,0,1,0,24,1.380211242,18,1.255272505,-2.787460475,-2.139529272,,
Phlebia radiata,148,2.170261715,62,1.792391689,2156,3.333648757,611,2.78604121,-0.949547388,-0.490190748,,
Phlebia rufa,3,0.477121255,2,0.301029996,397,2.598790507,205,2.311753861,-2.485721426,-1.049028829,,
Phlebia tremellosa,161,2.206825876,70,1.84509804,2021,3.305566314,552,2.741939078,-0.89050086,-0.547649875,,
Phlebiella sulphurea,2,0.301029996,2,0.301029996,593,2.773054693,248,2.394451681,-2.485721426,-0.958116705,,
Phlebiella tulasnelloidea,2,0.301029996,2,0.301029996,85,1.929418926,43,1.633468456,-2.485721426,-1.756936701,,
Phlebiopsis gigantea,3,0.477121255,3,0.477121255,213,2.328379603,123,2.089905111,-2.308919956,-1.28612407,,
Phleogena faginea,3,0.477121255,3,0.477121255,246,2.390935107,100,2,-2.308919956,-1.380211242,,
Pholiota adiposa,3,0.477121255,3,0.477121255,146,2.164352856,93,1.968482949,-2.308919956,-1.412993142,,
Pholiota alnicola var. alnicola,2,0.301029996,2,0.301029996,599,2.777426822,272,2.434568904,-2.485721426,-0.913346282,,
Pholiota aurivella,30,1.477121255,19,1.278753601,550,2.740362689,180,2.255272505,-1.495763365,-1.11021548,,
Pholiota cerifera,2,0.301029996,1,0,2,0.301029996,1,0,-2.787460475,-3.397766256,,
Pholiota conissans,11,1.041392685,7,0.84509804,144,2.158362492,68,1.832508913,-1.938090651,-1.553454658,,
Pholiota flammans,2,0.301029996,2,0.301029996,439,2.64246452,209,2.320146286,-2.485721426,-1.039878803,,
Pholiota gummosa,35,1.544068044,25,1.397940009,1301,3.114277297,482,2.683047038,-1.372175286,-0.621874124,,
Pholiota highlandensis,14,1.146128036,10,1,626,2.796574333,274,2.437750563,-1.781036939,-0.909774597,,
Pholiota lenta,2,0.301029996,2,0.301029996,95,1.977723605,60,1.77815125,-2.485721426,-1.609238576,,
Pholiota lucifera,8,0.903089987,8,0.903089987,12,1.079181246,12,1.079181246,-1.879382637,-2.31666913,,
Pholiota squarrosa,77,1.886490725,44,1.643452676,2150,3.33243846,656,2.816903839,-1.112422179,-0.448857077,,
Pholiota tuberculosa,20,1.301029996,16,1.204119983,231,2.36361198,117,2.068185862,-1.572581201,-1.308938181,,
Phoma dennisii,1,0,1,0,1,0,1,0,-2.787460475,-3.397766256,,
Phoma herbarum,5,0.698970004,4,0.602059991,181,2.257678575,58,1.763427994,-2.183269844,-1.624317666,,
Phoma longissima,2,0.301029996,2,0.301029996,5,0.698970004,5,0.698970004,-2.485721426,-2.698100546,,
Phoma medicaginis,1,0,1,0,16,1.204119983,14,1.146128036,-2.787460475,-2.249373089,,
Phomopsis buddlejae,1,0,1,0,3,0.477121255,3,0.477121255,-2.787460475,-2.920297288,,
Phomopsis cirsii,2,0.301029996,2,0.301029996,7,0.84509804,7,0.84509804,-2.485721426,-2.551624238,,
Phomopsis cruciferae,1,0,1,0,5,0.698970004,5,0.698970004,-2.787460475,-2.698100546,,
Phomopsis euphorbiae,5,0.698970004,4,0.602059991,7,0.84509804,5,0.698970004,-2.183269844,-2.698100546,,
Phomopsis hysteriola,1,0,1,0,6,0.77815125,5,0.698970004,-2.787460475,-2.698100546,,
Phomopsis jasmini,1,0,1,0,3,0.477121255,2,0.301029996,-2.787460475,-3.096562438,,
Phomopsis quercina,1,0,1,0,2,0.301029996,2,0.301029996,-2.787460475,-3.096562438,,
Phomopsis rusci,1,0,1,0,10,1,7,0.84509804,-2.787460475,-2.551624238,,
Phomopsis stictica,1,0,1,0,35,1.544068044,21,1.322219295,-2.787460475,-2.072057232,,
Phragmidium fragariae,2,0.301029996,1,0,294,2.46834733,149,2.173186268,-2.787460475,-1.198066361,,
Phragmidium mucronatum,18,1.255272505,11,1.041392685,635,2.802773725,293,2.46686762,-1.738924627,-0.876934713,,
Phragmidium rosae-pimpinellifoliae,1,0,1,0,82,1.913813852,30,1.477121255,-2.787460475,-1.915575699,,
Phragmidium rubi-idaei,1,0,1,0,203,2.307496038,95,1.977723605,-2.787460475,-1.403391475,,
Phragmidium sanguisorbae,6,0.77815125,4,0.602059991,225,2.352182518,120,2.079181246,-2.183269844,-1.297395711,,
Phragmidium tuberculatum,3,0.477121255,2,0.301029996,149,2.173186268,67,1.826074803,-2.485721426,-1.560067306,,
Phragmidium violaceum,12,1.079181246,10,1,3413,3.533136288,1003,3.001300933,-1.781036939,-0.173920867,,
Phragmoporthe conformis,1,0,1,0,27,1.431363764,15,1.176091259,-2.787460475,-2.219235134,,
Phyllachora dactylidis,4,0.602059991,4,0.602059991,75,1.875061263,41,1.612783857,-2.183269844,-1.777974672,,
Phyllachora graminis var. graminis,17,1.230448921,11,1.041392685,143,2.155336037,95,1.977723605,-1.738924627,-1.403391475,,
Phyllactinia guttata,2,0.301029996,1,0,463,2.665580991,234,2.369215857,-2.787460475,-0.986044048,,
Phyllactinia mali,1,0,1,0,31,1.491361694,14,1.146128036,-2.787460475,-2.249373089,,
Phylloporia ribis,3,0.477121255,3,0.477121255,212,2.326335861,93,1.968482949,-2.308919956,-1.412993142,,
Phylloporus pelletieri,1,0,1,0,97,1.986771734,44,1.643452676,-2.787460475,-1.746775686,,
Phyllosticta camelliae,1,0,1,0,5,0.698970004,1,0,-2.787460475,-3.397766256,,
Phyllosticta cruenta,1,0,1,0,4,0.602059991,2,0.301029996,-2.787460475,-3.096562438,,
Phyllosticta lauri,2,0.301029996,1,0,4,0.602059991,2,0.301029996,-2.787460475,-3.096562438,,
Phyllosticta syringae,3,0.477121255,2,0.301029996,3,0.477121255,2,0.301029996,-2.485721426,-3.096562438,,
Phyllosticta tiliae,1,0,1,0,1,0,1,0,-2.787460475,-3.397766256,,
Phyllostictina hysterella,2,0.301029996,2,0.301029996,2,0.301029996,1,0,-2.485721426,-3.397766256,,
Phyllostictina ilicis,1,0,1,0,9,0.954242509,8,0.903089987,-2.787460475,-2.493458051,,
Physisporinus sanguinolentus,5,0.698970004,4,0.602059991,718,2.856124444,370,2.568201724,-2.183269844,-0.760177879,,
Physisporinus vitreus,2,0.301029996,2,0.301029996,276,2.440909082,152,2.181843588,-2.485721426,-1.188854505,,
Phytophthora cambivora,1,0,1,0,16,1.204119983,12,1.079181246,-2.787460475,-2.31666913,,
Phytophthora infestans,1,0,1,0,169,2.227886705,63,1.799340549,-2.787460475,-1.58751498,,
Piggotia coryli,1,0,1,0,3,0.477121255,3,0.477121255,-2.787460475,-2.920297288,,
Pilaira anomala,3,0.477121255,2,0.301029996,189,2.276461804,132,2.120573931,-2.485721426,-1.253807767,,
Pilidium acerinum,3,0.477121255,1,0,48,1.681241237,24,1.380211242,-2.787460475,-2.013539399,,
Pilobolus crystallinus var. crystallinus,1,0,1,0,509,2.706717782,268,2.428134794,-2.787460475,-0.920559396,,
Pilobolus crystallinus var. kleinii,1,0,1,0,191,2.281033367,129,2.11058971,-2.787460475,-1.264341844,,
Piptoporus betulinus,380,2.579783597,80,1.903089987,9189,3.963268252,1458,3.163757524,-0.82445127,0.145889805,,
Plagiosphaera immersa,1,0,1,0,33,1.51851394,23,1.361727836,-2.787460475,-2.032198171,,
Plasmopara crustosa,2,0.301029996,2,0.301029996,543,2.73479983,262,2.418301291,-2.485721426,-0.931558791,,
Plasmopara epilobii,4,0.602059991,2,0.301029996,11,1.041392685,10,1,-2.485721426,-2.396199347,,
Plasmopara pusilla,1,0,1,0,95,1.977723605,65,1.812913357,-2.787460475,-1.573585609,,
Pleospora androsaces,1,0,1,0,6,0.77815125,3,0.477121255,-2.787460475,-2.920297288,,
Pleospora herbarum,9,0.954242509,7,0.84509804,375,2.574031268,105,2.021189299,-1.938090651,-1.358116219,,
Pleurotus cornucopiae,29,1.462397998,21,1.322219295,1618,3.208978517,473,2.674861141,-1.450835399,-0.631992608,,
Pleurotus dryinus,9,0.954242509,9,0.954242509,869,2.939019776,322,2.507855872,-1.827512865,-0.830202004,,
Pleurotus ostreatus,147,2.167317335,68,1.832508913,3012,3.478854968,756,2.878521796,-0.90468373,-0.363024685,,
Pleurotus pulmonarius,49,1.69019608,31,1.491361694,407,2.609594409,219,2.340444115,-1.274306861,-1.01768117,,
Plicaria endocarpoides,1,0,1,0,58,1.763427994,33,1.51851394,-2.787460475,-1.87365521,,
Plicatura crispa,4,0.602059991,4,0.602059991,214,2.330413773,116,2.064457989,-2.183269844,-1.312848262,,
Pluteus cervinus,451,2.654176542,127,2.103803721,8262,3.917085191,1284,3.108565024,-0.58372524,0.023631449,,
Pluteus chrysophaeus,4,0.602059991,3,0.477121255,857,2.932980822,276,2.440909082,-2.308919956,-0.906225701,,
Pluteus cinereofuscus,66,1.819543936,44,1.643452676,163,2.212187604,81,1.908485019,-1.112422179,-1.475150849,,
Pluteus ephebeus,7,0.84509804,5,0.698970004,238,2.376576957,100,2,-2.085647288,-1.380211242,,
Pluteus hispidulus,2,0.301029996,2,0.301029996,145,2.161368002,61,1.785329835,-2.485721426,-1.601881965,,
Pluteus leoninus,36,1.556302501,21,1.322219295,223,2.348304863,100,2,-1.450835399,-1.380211242,,
Pluteus nanus,21,1.322219295,12,1.079181246,508,2.705863712,245,2.389166084,-1.700415245,-0.963980462,,
Pluteus petasatus,3,0.477121255,3,0.477121255,151,2.178976947,72,1.857332496,-2.308919956,-1.527916186,,
Pluteus phlebophorus,11,1.041392685,10,1,529,2.723455672,236,2.372912003,-1.781036939,-0.98196442,,
Pluteus plautus,42,1.62324929,27,1.431363764,471,2.673020907,168,2.225309282,-1.337274337,-1.142419264,,
Pluteus podospileus,8,0.903089987,8,0.903089987,298,2.474216264,145,2.161368002,-1.879382637,-1.210622909,,
Pluteus romellii,34,1.531478917,19,1.278753601,721,2.857935265,333,2.522444234,-1.495763365,-0.813414678,,
Pluteus salicinus,143,2.155336037,64,1.806179974,1993,3.299507299,596,2.77524626,-0.934182716,-0.504420684,,
Pluteus semibulbosus,4,0.602059991,4,0.602059991,8,0.903089987,3,0.477121255,-2.183269844,-2.920297288,,
Pluteus thomsonii,83,1.919078092,49,1.69019608,362,2.558708571,178,2.250420002,-1.061852368,-1.115442213,,
Pluteus umbrosus,56,1.748188027,29,1.462397998,599,2.777426822,245,2.389166084,-1.304757868,-0.963980462,,
Podosphaera aphanis,4,0.602059991,3,0.477121255,381,2.580924976,221,2.344392274,-2.308919956,-1.013352051,,
Podosphaera clandestina var. clandestina,4,0.602059991,3,0.477121255,478,2.679427897,231,2.36361198,-2.308919956,-0.992222516,,
Podosphaera dipsacacearum,3,0.477121255,2,0.301029996,56,1.748188027,46,1.662757832,-2.485721426,-1.727116727,,
Podosphaera euphorbiae,11,1.041392685,6,0.77815125,44,1.643452676,31,1.491361694,-2.005752329,-1.901159396,,
Podosphaera fugax,1,0,1,0,84,1.924279286,53,1.72427587,-2.787460475,-1.6643581,,
Podosphaera fusca,52,1.716003344,17,1.230448921,673,2.828015064,327,2.514547753,-1.54552541,-0.822511974,,
Podosphaera macularis,1,0,1,0,62,1.792391689,39,1.591064607,-2.787460475,-1.800047007,,
Podosphaera mors-uvae,1,0,1,0,80,1.903089987,48,1.681241237,-2.787460475,-1.708279228,,
Podosphaera pannosa,14,1.146128036,5,0.698970004,532,2.725911632,253,2.403120521,-2.085647288,-0.948482551,,
Podosphaera plantaginis,1,0,1,0,130,2.113943352,89,1.949390007,-2.787460475,-1.432807204,,
Podosphaera polemonii,1,0,1,0,14,1.146128036,8,0.903089987,-2.787460475,-2.493458051,,
Podosphaera tridactyla,3,0.477121255,3,0.477121255,104,2.017033339,75,1.875061263,-2.308919956,-1.50965048,,
Podosphaera xanthii,1,0,1,0,40,1.602059991,28,1.447158031,-2.787460475,-1.945890435,,
Polycephalomyces tomentosus,2,0.301029996,2,0.301029996,193,2.285557309,121,2.08278537,-2.485721426,-1.293609072,,
Polydesmia pruinosa,40,1.602059991,36,1.556302501,1210,3.08278537,456,2.658964843,-1.205625338,-0.651516049,,
Polyporus brumalis,33,1.51851394,25,1.397940009,1380,3.139879086,496,2.695481676,-1.372175286,-0.606416041,,
Polyporus ciliatus,30,1.477121255,23,1.361727836,354,2.549003262,197,2.294466226,-1.409859645,-1.067827712,,
Polyporus durus,47,1.672097858,26,1.414973348,1542,3.188084374,459,2.661812686,-1.354403978,-0.648030319,,
Polyporus leptocephalus,204,2.309630167,65,1.812913357,2877,3.458939862,794,2.899820502,-0.926658988,-0.332158524,,
Polyporus melanopus,5,0.698970004,5,0.698970004,60,1.77815125,37,1.568201724,-2.085647288,-1.823262688,,
Polyporus squamosus,90,1.954242509,54,1.73239376,3658,3.563243701,904,2.95616843,-1.015794267,-0.246864457,,
Polyporus tuberaster,31,1.491361694,19,1.278753601,780,2.892094603,247,2.392696953,-1.495763365,-0.960064238,,
Polyscytalum sericeum,1,0,1,0,1,0,1,0,-2.787460475,-3.397766256,,
Porodaedalea pini,5,0.698970004,3,0.477121255,82,1.913813852,31,1.491361694,-2.308919956,-1.901159396,,
Poronia punctata,22,1.342422681,12,1.079181246,213,2.328379603,47,1.672097858,-1.700415245,-1.71759969,,
Porphyrellus porphyrosporus,1,0,1,0,165,2.217483944,86,1.934498451,-2.787460475,-1.448238815,,
Porpoloma spinulosum,1,0,1,0,19,1.278753601,12,1.079181246,-2.787460475,-2.31666913,,
Postia balsamea,5,0.698970004,3,0.477121255,139,2.1430148,66,1.819543936,-2.308919956,-1.566776638,,
Postia caesia,150,2.176091259,69,1.838849091,1700,3.230448921,621,2.7930916,-0.897547412,-0.48083518,,
Postia leucomallella,12,1.079181246,8,0.903089987,145,2.161368002,66,1.819543936,-1.879382637,-1.566776638,,
Postia sericeomollis,5,0.698970004,4,0.602059991,72,1.857332496,36,1.556302501,-2.183269844,-1.835338203,,
Postia stiptica,95,1.977723605,52,1.716003344,1918,3.282848603,657,2.81756537,-1.033732972,-0.447959966,,
Postia subcaesia,72,1.857332496,35,1.544068044,1483,3.171141151,459,2.661812686,-1.218610519,-0.648030319,,
Postia tephroleuca,61,1.785329835,38,1.579783597,769,2.88592634,339,2.530199698,-1.180638887,-0.804455069,,
Postia wakefieldiae,1,0,1,0,180,2.255272505,76,1.880813592,-2.787460475,-1.503719023,,
Preussia vulgaris,2,0.301029996,1,0,16,1.204119983,13,1.113943352,-2.787460475,-2.281732433,,
Propolis farinosa,6,0.77815125,6,0.77815125,501,2.699837726,265,2.423245874,-2.005752329,-0.926031654,,
Prosthecium platanoidis,1,0,1,0,56,1.748188027,29,1.462397998,-2.787460475,-1.930474748,,
Protocrea farinosa,11,1.041392685,11,1.041392685,36,1.556302501,20,1.301029996,-1.738924627,-2.093421685,,
Protomyces pachydermus,1,0,1,0,54,1.73239376,21,1.322219295,-2.787460475,-2.072057232,,
Psathyrella artemisiae var. artemisiae,9,0.954242509,6,0.77815125,792,2.898725182,283,2.451786436,-2.005752329,-0.893979258,,
Psathyrella bipellis,1,0,1,0,54,1.73239376,33,1.51851394,-2.787460475,-1.87365521,,
Psathyrella candolleana,157,2.195899652,71,1.851258349,3728,3.571475904,854,2.931457871,-0.883541481,-0.28497196,,
Psathyrella canoceps,1,0,1,0,37,1.568201724,24,1.380211242,-2.787460475,-2.013539399,,
Psathyrella corrugis,173,2.238046103,76,1.880813592,1800,3.255272505,603,2.780317312,-0.849968683,-0.497750019,,
Psathyrella cotonea,2,0.301029996,1,0,106,2.025305865,59,1.770852012,-2.787460475,-1.616715768,,
Psathyrella fatua,2,0.301029996,2,0.301029996,17,1.230448921,11,1.041392685,-2.485721426,-2.354632211,,
Psathyrella fusca,1,0,1,0,64,1.806179974,37,1.568201724,-2.787460475,-1.823262688,,
Psathyrella gossypina,6,0.77815125,5,0.698970004,103,2.012837225,61,1.785329835,-2.085647288,-1.601881965,,
Psathyrella hirta,1,0,1,0,26,1.414973348,16,1.204119983,-2.787460475,-2.191031609,,
Psathyrella microrhiza,8,0.903089987,6,0.77815125,677,2.830588669,330,2.51851394,-2.005752329,-0.817945794,,
Psathyrella multipedata,39,1.591064607,26,1.414973348,808,2.907411361,318,2.50242712,-1.354403978,-0.836427626,,
Psathyrella obtusata var. obtusata,24,1.380211242,15,1.176091259,358,2.553883027,179,2.252853031,-1.601335563,-1.112822109,,
Psathyrella pennata,7,0.84509804,3,0.477121255,190,2.278753601,98,1.991226076,-2.308919956,-1.389346927,,
Psathyrella piluliformis,297,2.472756449,90,1.954242509,3546,3.549738731,798,2.902002891,-0.765088778,-0.328956664,,
Psathyrella potteri,38,1.579783597,23,1.361727836,193,2.285557309,108,2.033423755,-1.409859645,-1.34533742,,
Psathyrella prona,5,0.698970004,2,0.301029996,301,2.478566496,135,2.130333768,-2.485721426,-1.243497377,,
Psathyrella pygmaea,14,1.146128036,11,1.041392685,158,2.198657087,70,1.84509804,-1.738924627,-1.540508234,,
Psathyrella silvestris,3,0.477121255,2,0.301029996,11,1.041392685,6,0.77815125,-2.485721426,-2.618745199,,
Psathyrella spadicea,26,1.414973348,20,1.301029996,390,2.591064607,173,2.238046103,-1.472756449,-1.12875028,,
Psathyrella spadiceogrisea,19,1.278753601,13,1.113943352,1098,3.04060234,406,2.608526034,-1.66493112,-0.712450644,,
Psathyrella tephrophylla,6,0.77815125,5,0.698970004,144,2.158362492,68,1.832508913,-2.085647288,-1.553454658,,
Pseudoboletus parasiticus,39,1.591064607,10,1,575,2.759667845,227,2.356025857,-1.781036939,-1.000573579,,
Pseudocercospora viburnigena,1,0,1,0,19,1.278753601,12,1.079181246,-2.787460475,-2.31666913,,
Pseudoclitocybe cyathiformis,107,2.029383778,54,1.73239376,995,2.997823081,379,2.57863921,-1.015794267,-0.747901459,,
Pseudoclitocybe expallens,2,0.301029996,2,0.301029996,25,1.397940009,15,1.176091259,-2.485721426,-2.219235134,,
Pseudocraterellus undulatus,9,0.954242509,5,0.698970004,433,2.636487896,202,2.305351369,-2.085647288,-1.055998655,,
Pseudohydnum gelatinosum,27,1.431363764,14,1.146128036,396,2.597695186,203,2.307496038,-1.632023215,-1.053664957,,
Pseudoinonotus dryadeus,16,1.204119983,12,1.079181246,793,2.899273187,299,2.475671188,-1.700415245,-0.866948854,,
Pseudomassaria corni,1,0,1,0,5,0.698970004,2,0.301029996,-2.787460475,-3.096562438,,
Pseudomerulius aureus,4,0.602059991,3,0.477121255,42,1.62324929,14,1.146128036,-2.308919956,-2.249373089,,
Pseudonectria rousseliana,2,0.301029996,1,0,44,1.643452676,28,1.447158031,-2.787460475,-1.945890435,,
Pseudopeziza trifolii,1,0,1,0,195,2.290034611,113,2.053078443,-2.787460475,-1.324773976,,
Pseudovalsa lanciformis,1,0,1,0,71,1.851258349,42,1.62324929,-2.787460475,-1.767332588,,
Psilachnum acutum,1,0,1,0,26,1.414973348,14,1.146128036,-2.787460475,-2.249373089,,
Psilachnum eburneum,1,0,1,0,135,2.130333768,86,1.934498451,-2.787460475,-1.448238815,,
Psilocybe coprophila,18,1.255272505,12,1.079181246,297,2.472756449,159,2.201397124,-1.700415245,-1.168004289,,
Psilocybe crobula,24,1.380211242,17,1.230448921,165,2.217483944,85,1.929418926,-1.54552541,-1.453498209,,
Psilocybe cyanescens,2,0.301029996,1,0,211,2.324282455,79,1.897627091,-2.787460475,-1.486367698,,
Psilocybe inquilina,13,1.113943352,8,0.903089987,200,2.301029996,102,2.008600172,-1.879382637,-1.371249007,,
Psilocybe merdaria,15,1.176091259,9,0.954242509,137,2.136720567,63,1.799340549,-1.827512865,-1.58751498,,
Psilocybe montana,11,1.041392685,7,0.84509804,292,2.465382851,139,2.1430148,-1.938090651,-1.230081187,,
Psilocybe semilanceata,17,1.230448921,16,1.204119983,2217,3.345765693,754,2.877371346,-1.572581201,-0.364672893,,
Psilocybe strictipes,1,0,1,0,17,1.230448921,11,1.041392685,-2.787460475,-2.354632211,,
Psilocybe subviscida var. velata,1,0,1,0,40,1.602059991,25,1.397940009,-2.787460475,-1.995635195,,
Pteroconium intermedium,1,0,1,0,12,1.079181246,7,0.84509804,-2.787460475,-2.551624238,,
Pterula gracilis,1,0,1,0,84,1.924279286,44,1.643452676,-2.787460475,-1.746775686,,
Pterula multifida,3,0.477121255,3,0.477121255,31,1.491361694,18,1.255272505,-2.308919956,-2.139529272,,
Puccinia adoxae,2,0.301029996,2,0.301029996,313,2.495544338,158,2.198657087,-2.485721426,-1.170929804,,
Puccinia aegopodii,5,0.698970004,4,0.602059991,204,2.309630167,106,2.025305865,-2.183269844,-1.353818281,,
Puccinia albescens,2,0.301029996,2,0.301029996,156,2.193124598,76,1.880813592,-2.485721426,-1.503719023,,
Puccinia allii,4,0.602059991,4,0.602059991,136,2.133538908,63,1.799340549,-2.183269844,-1.58751498,,
Puccinia antirrhini,4,0.602059991,3,0.477121255,162,2.209515015,71,1.851258349,-2.308919956,-1.534169166,,
Puccinia arenariae,3,0.477121255,3,0.477121255,1001,3.000434077,405,2.607455023,-2.308919956,-0.713729004,,
Puccinia betonicae,3,0.477121255,2,0.301029996,100,2,54,1.73239376,-2.485721426,-1.656062693,,
Puccinia buxi,2,0.301029996,2,0.301029996,429,2.632457292,100,2,-2.485721426,-1.380211242,,
Puccinia calcitrapae,2,0.301029996,2,0.301029996,431,2.63447727,201,2.303196057,-2.485721426,-1.058342914,,
Puccinia calthae,1,0,1,0,32,1.505149978,25,1.397940009,-2.787460475,-1.995635195,,
Puccinia campanulae,1,0,1,0,6,0.77815125,5,0.698970004,-2.787460475,-2.698100546,,
Puccinia caricina var. caricina,3,0.477121255,3,0.477121255,881,2.944975908,399,2.600972896,-2.308919956,-0.721453157,,
Puccinia caricina var. ribesii-pendulae,23,1.361727836,8,0.903089987,487,2.687528961,225,2.352182518,-1.879382637,-1.004798883,,
Puccinia circaeae,9,0.954242509,6,0.77815125,492,2.691965103,252,2.401400541,-2.005752329,-0.950395766,,
Puccinia cnici,1,0,1,0,407,2.609594409,208,2.318063335,-2.787460475,-1.042151278,,
Puccinia cnici-oleracei,3,0.477121255,2,0.301029996,276,2.440909082,117,2.068185862,-2.485721426,-1.308938181,,
Puccinia coronata,12,1.079181246,11,1.041392685,772,2.8876173,336,2.526339277,-1.738924627,-0.808917979,,
Puccinia dioicae var. dioicae,3,0.477121255,3,0.477121255,30,1.477121255,25,1.397940009,-2.308919956,-1.995635195,,
Puccinia festucae,1,0,1,0,42,1.62324929,29,1.462397998,-2.787460475,-1.930474748,,
Puccinia glechomatis,5,0.698970004,5,0.698970004,569,2.755112266,250,2.397940009,-2.085647288,-0.954242509,,
Puccinia graminis subsp. graminis,58,1.763427994,29,1.462397998,154,2.187520721,90,1.954242509,-1.304757868,-1.427774533,,
Puccinia hieracii var. hieracii,1,0,1,0,483,2.683947131,248,2.394451681,-2.787460475,-0.958116705,,
Puccinia hysterium,2,0.301029996,2,0.301029996,56,1.748188027,27,1.431363764,-2.485721426,-1.961860352,,
Puccinia iridis,17,1.230448921,9,0.954242509,163,2.212187604,72,1.857332496,-1.827512865,-1.527916186,,
Puccinia lagenophorae,66,1.819543936,17,1.230448921,829,2.918554531,332,2.521138084,-1.54552541,-0.814921194,,
Puccinia lapsanae,6,0.77815125,4,0.602059991,549,2.739572344,258,2.411619706,-2.183269844,-0.939015902,,
Puccinia maculosa,2,0.301029996,2,0.301029996,63,1.799340549,37,1.568201724,-2.485721426,-1.823262688,,
Puccinia magnusiana,2,0.301029996,2,0.301029996,131,2.117271296,72,1.857332496,-2.485721426,-1.527916186,,
Puccinia malvacearum,49,1.69019608,17,1.230448921,691,2.839478047,348,2.541579244,-1.54552541,-0.791263023,,
Puccinia menthae,10,1,8,0.903089987,593,2.773054693,287,2.457881897,-1.879382637,-0.887099517,,
Puccinia nitida,1,0,1,0,36,1.556302501,19,1.278753601,-2.787460475,-2.115873163,,
Puccinia oxalidis,1,0,1,0,173,2.238046103,69,1.838849091,-2.787460475,-1.546935868,,
Puccinia pelargonii-zonalis,4,0.602059991,2,0.301029996,36,1.556302501,14,1.146128036,-2.485721426,-2.249373089,,
Puccinia phragmitis,1,0,1,0,267,2.426511261,127,2.103803721,-2.787460475,-1.271494017,,
Puccinia poarum,3,0.477121255,3,0.477121255,956,2.980457892,391,2.592176757,-2.308919956,-0.731899822,,
Puccinia porri,1,0,1,0,16,1.204119983,8,0.903089987,-2.787460475,-2.493458051,,
Puccinia primulae,1,0,1,0,211,2.324282455,93,1.968482949,-2.787460475,-1.412993142,,
Puccinia pulverulenta,4,0.602059991,3,0.477121255,441,2.644438589,232,2.365487985,-2.308919956,-0.990155065,,
Puccinia punctata,1,0,1,0,305,2.484299839,130,2.113943352,-2.787460475,-1.260804994,,
Puccinia punctiformis,31,1.491361694,23,1.361727836,1379,3.139564266,565,2.752048448,-1.409859645,-0.534632522,,
Puccinia sessilis,82,1.913813852,47,1.672097858,1142,3.057666104,408,2.610660163,-1.081485201,-0.709901517,,
Puccinia sorghi,1,0,1,0,8,0.903089987,8,0.903089987,-2.787460475,-2.493458051,,
Puccinia striiformis var. striiformis,2,0.301029996,2,0.301029996,92,1.963787827,49,1.69019608,-2.485721426,-1.699147231,,
Puccinia urticata var. urticae-acutae,1,0,1,0,6,0.77815125,5,0.698970004,-2.787460475,-2.698100546,,
Puccinia urticata var. urticata,23,1.361727836,14,1.146128036,80,1.903089987,58,1.763427994,-1.632023215,-1.624317666,,
Puccinia variabilis,4,0.602059991,2,0.301029996,196,2.292256071,91,1.959041392,-2.485721426,-1.422795408,,
Puccinia vincae,29,1.462397998,7,0.84509804,209,2.320146286,84,1.924279286,-1.938090651,-1.458817644,,
Puccinia violae,7,0.84509804,7,0.84509804,752,2.876217841,358,2.553883027,-1.938090651,-0.77693644,,
Pucciniastrum guttatum,1,0,1,0,143,2.155336037,61,1.785329835,-2.787460475,-1.601881965,,
Pulvinula convexella,1,0,1,0,106,2.025305865,46,1.662757832,-2.787460475,-1.727116727,,
Pustula tragopogonis,2,0.301029996,2,0.301029996,360,2.556302501,135,2.130333768,-2.485721426,-1.243497377,,
Pyrenopeziza escharodes,1,0,1,0,198,2.29666519,104,2.017033339,-2.787460475,-1.362453474,,
Pyrenopeziza kolaensis,2,0.301029996,2,0.301029996,10,1,6,0.77815125,-2.485721426,-2.618745199,,
Pyrenopeziza pastinacae,3,0.477121255,3,0.477121255,55,1.740362689,34,1.531478917,-2.308919956,-1.860514155,,
Pyrenopeziza revincta,1,0,1,0,496,2.695481676,189,2.276461804,-2.787460475,-1.087338141,,
Pyrenopeziza umbellatarum,1,0,1,0,3,0.477121255,1,0,-2.787460475,-3.397766256,,
Pyrenopeziza urticicola,3,0.477121255,2,0.301029996,196,2.292256071,133,2.123851641,-2.485721426,-1.250346617,,
Pyrenophora dictyoides,1,0,1,0,23,1.361727836,8,0.903089987,-2.787460475,-2.493458051,,
Pyrenula macrospora,1,0,1,0,26,1.414973348,18,1.255272505,-2.787460475,-2.139529272,,
Pyronema domesticum,1,0,1,0,75,1.875061263,47,1.672097858,-2.787460475,-1.71759969,,
Pyronema omphalodes,2,0.301029996,2,0.301029996,128,2.10720997,81,1.908485019,-2.485721426,-1.475150849,,
Quaternaria quaternata,2,0.301029996,2,0.301029996,255,2.40654018,125,2.096910013,-2.485721426,-1.278753601,,
Radulomyces confluens,12,1.079181246,10,1,1064,3.026941628,411,2.613841822,-1.781036939,-0.706096618,,
Radulomyces molaris,1,0,1,0,284,2.45331834,131,2.117271296,-2.787460475,-1.257293765,,
Ramalina farinacea,3,0.477121255,3,0.477121255,199,2.298853076,72,1.857332496,-2.308919956,-1.527916186,,
Ramaria abietina,5,0.698970004,5,0.698970004,275,2.439332694,120,2.079181246,-2.085647288,-1.297395711,,
Ramaria fennica var. griseolilacina,1,0,1,0,12,1.079181246,6,0.77815125,-2.787460475,-2.618745199,,
Ramaria flaccida,2,0.301029996,2,0.301029996,60,1.77815125,28,1.447158031,-2.485721426,-1.945890435,,
Ramaria formosa,1,0,1,0,56,1.748188027,21,1.322219295,-2.787460475,-2.072057232,,
Ramaria gracilis,1,0,1,0,42,1.62324929,20,1.301029996,-2.787460475,-2.093421685,,
Ramaria pallida,3,0.477121255,3,0.477121255,14,1.146128036,12,1.079181246,-2.308919956,-2.31666913,,
Ramaria stricta,60,1.77815125,38,1.579783597,852,2.930439595,325,2.511883361,-1.180638887,-0.8255759,,
Ramariopsis kunzei,7,0.84509804,6,0.77815125,224,2.350248018,104,2.017033339,-2.005752329,-1.362453474,,
Ramariopsis subtilis,2,0.301029996,1,0,135,2.130333768,56,1.748188027,-2.787460475,-1.639913175,,
Ramariopsis tenuiramosa,1,0,1,0,20,1.301029996,17,1.230448921,-2.787460475,-2.164527798,,
Ramsbottomia asperior,1,0,1,0,101,2.004321374,62,1.792391689,-2.787460475,-1.594642012,,
Ramularia ajugae,2,0.301029996,2,0.301029996,30,1.477121255,21,1.322219295,-2.485721426,-2.072057232,,
Ramularia archangelicae,1,0,1,0,3,0.477121255,3,0.477121255,-2.787460475,-2.920297288,,
Ramularia ari,5,0.698970004,5,0.698970004,372,2.57054294,140,2.146128036,-2.085647288,-1.226783967,,
Ramularia armoraciae,1,0,1,0,15,1.176091259,11,1.041392685,-2.787460475,-2.354632211,,
Ramularia beticola,2,0.301029996,1,0,5,0.698970004,5,0.698970004,-2.787460475,-2.698100546,,
Ramularia calcea,9,0.954242509,7,0.84509804,43,1.633468456,27,1.431363764,-1.938090651,-1.961860352,,
Ramularia centaureae,1,0,1,0,9,0.954242509,8,0.903089987,-2.787460475,-2.493458051,,
Ramularia centranthi,1,0,1,0,11,1.041392685,10,1,-2.787460475,-2.396199347,,
Ramularia circaeae,4,0.602059991,3,0.477121255,37,1.568201724,22,1.342422681,-2.308919956,-2.051678621,,
Ramularia didyma,4,0.602059991,2,0.301029996,202,2.305351369,118,2.071882007,-2.485721426,-1.30505975,,
Ramularia gei,10,1,6,0.77815125,26,1.414973348,17,1.230448921,-2.005752329,-2.164527798,,
Ramularia geranii,1,0,1,0,23,1.361727836,10,1,-2.787460475,-2.396199347,,
Ramularia hellebori,6,0.77815125,5,0.698970004,14,1.146128036,11,1.041392685,-2.085647288,-2.354632211,,
Ramularia heraclei,5,0.698970004,3,0.477121255,32,1.505149978,23,1.361727836,-2.308919956,-2.032198171,,
Ramularia keithii,1,0,1,0,2,0.301029996,2,0.301029996,-2.787460475,-3.096562438,,
Ramularia knautiae,1,0,1,0,10,1,8,0.903089987,-2.787460475,-2.493458051,,
Ramularia lysimachiarum,1,0,1,0,10,1,8,0.903089987,-2.787460475,-2.493458051,,
Ramularia menthicola,2,0.301029996,2,0.301029996,12,1.079181246,8,0.903089987,-2.485721426,-2.493458051,,
Ramularia montana,1,0,1,0,25,1.397940009,20,1.301029996,-2.787460475,-2.093421685,,
Ramularia primulae,21,1.322219295,14,1.146128036,114,2.056904851,62,1.792391689,-1.632023215,-1.594642012,,
Ramularia purpurascens,1,0,1,0,42,1.62324929,23,1.361727836,-2.787460475,-2.032198171,,
Ramularia rhabdospora,1,0,1,0,75,1.875061263,41,1.612783857,-2.787460475,-1.777974672,,
Ramularia rhei,2,0.301029996,2,0.301029996,2,0.301029996,2,0.301029996,-2.485721426,-3.096562438,,
Ramularia rosea,1,0,1,0,6,0.77815125,2,0.301029996,-2.787460475,-3.096562438,,
Ramularia scrophulariae,21,1.322219295,7,0.84509804,66,1.819543936,43,1.633468456,-1.938090651,-1.756936701,,
Ramularia succisae,1,0,1,0,9,0.954242509,7,0.84509804,-2.787460475,-2.551624238,,
Ramularia sylvestris,1,0,1,0,14,1.146128036,14,1.146128036,-2.787460475,-2.249373089,,
Ramularia taraxaci,3,0.477121255,3,0.477121255,47,1.672097858,28,1.447158031,-2.308919956,-1.945890435,,
Ramularia ulmariae,1,0,1,0,30,1.477121255,23,1.361727836,-2.787460475,-2.032198171,,
Readeriella mirabilis,1,0,1,0,12,1.079181246,7,0.84509804,-2.787460475,-2.551624238,,
Repetophragma goidanichii,1,0,1,0,72,1.857332496,25,1.397940009,-2.787460475,-1.995635195,,
Resinicium bicolor,1,0,1,0,376,2.575187845,191,2.281033367,-2.787460475,-1.082390566,,
Resinomycena saccharifera,2,0.301029996,2,0.301029996,242,2.383815366,132,2.120573931,-2.485721426,-1.253807767,,
Resupinatus applicatus,33,1.51851394,24,1.380211242,556,2.745074792,302,2.480006943,-1.39064077,-0.862020745,,
Rhexoampullifera fagi,1,0,1,0,3,0.477121255,3,0.477121255,-2.787460475,-2.920297288,,
Rhizina undulata,11,1.041392685,5,0.698970004,214,2.330413773,118,2.071882007,-2.085647288,-1.30505975,,
Rhizodiscina lignyota,6,0.77815125,6,0.77815125,88,1.944482672,58,1.763427994,-2.005752329,-1.624317666,,
Rhizomarasmius undatus,3,0.477121255,2,0.301029996,123,2.089905111,57,1.755874856,-2.485721426,-1.632048611,,
Rhizopogon luteolus,1,0,1,0,282,2.450249108,116,2.064457989,-2.787460475,-1.312848262,,
Rhizopus stolonifer,2,0.301029996,2,0.301029996,66,1.819543936,40,1.602059991,-2.485721426,-1.788875116,,
Rhodocollybia butyracea,423,2.626340367,107,2.029383778,7728,3.888067113,1149,3.060320029,-0.675624182,-0.07033532,,
Rhodocollybia maculata,127,2.103803721,58,1.763427994,4091,3.611829479,932,2.969415912,-0.981646798,-0.225930146,,
Rhodocollybia prolixa var. distorta,3,0.477121255,3,0.477121255,181,2.257678575,113,2.053078443,-2.308919956,-1.324773976,,
Rhodocybe gemina,8,0.903089987,3,0.477121255,131,2.117271296,60,1.77815125,-2.308919956,-1.609238576,,
Rhodocybe nitellina,1,0,1,0,18,1.255272505,15,1.176091259,-2.787460475,-2.219235134,,
Rhodotus palmatus,16,1.204119983,11,1.041392685,930,2.968482949,292,2.465382851,-1.738924627,-0.878616218,,
Rhopographus filicinus,72,1.857332496,30,1.477121255,2117,3.325720858,656,2.816903839,-1.289291592,-0.448857077,,
Rhytisma acerinum,253,2.403120521,103,2.012837225,5991,3.77749932,1316,3.119255889,-0.695583675,0.045904187,,
Rhytisma salicinum,2,0.301029996,2,0.301029996,171,2.23299611,92,1.963787827,-2.485721426,-1.417868655,,
Rickenella fibula,149,2.173186268,53,1.72427587,4137,3.616685521,1094,3.039017322,-1.024686992,-0.108967999,,
Rickenella swartzii,82,1.913813852,43,1.633468456,1600,3.204119983,621,2.7930916,-1.123167653,-0.48083518,,
Rigidoporus ulmarius,18,1.255272505,13,1.113943352,324,2.51054501,147,2.167317335,-1.66493112,-1.204304592,,
Ripartites tricholoma,7,0.84509804,6,0.77815125,309,2.489958479,145,2.161368002,-2.005752329,-1.210622909,,
Rosellinia aquila,2,0.301029996,2,0.301029996,531,2.725094521,253,2.403120521,-2.485721426,-0.948482551,,
Rosellinia mammiformis,3,0.477121255,1,0,241,2.382017043,136,2.133538908,-2.787460475,-1.240108564,,
Rubinoboletus rubinus,1,0,1,0,120,2.079181246,34,1.531478917,-2.787460475,-1.860514155,,
Rugosomyces carneus,34,1.531478917,22,1.342422681,1165,3.066325925,467,2.669316881,-1.429899026,-0.638820498,,
Rugosomyces chrysenteron,1,0,1,0,13,1.113943352,12,1.079181246,-2.787460475,-2.31666913,,
Rugosomyces ionides,1,0,1,0,123,2.089905111,54,1.73239376,-2.787460475,-1.656062693,,
Rugosomyces obscurissimus,1,0,1,0,57,1.755874856,22,1.342422681,-2.787460475,-2.051678621,,
Russula acrifolia,1,0,1,0,26,1.414973348,19,1.278753601,-2.787460475,-2.115873163,,
Russula adusta,154,2.187520721,66,1.819543936,345,2.537819095,148,2.170261715,-0.919236623,-1.201175602,,
Russula aeruginea,55,1.740362689,29,1.462397998,1647,3.216693599,558,2.746634199,-1.304757868,-0.541615027,,
Russula albonigra,2,0.301029996,2,0.301029996,203,2.307496038,124,2.093421685,-2.485721426,-1.282424751,,
Russula alutacea,3,0.477121255,3,0.477121255,93,1.968482949,56,1.748188027,-2.308919956,-1.639913175,,
Russula amoenicolor,3,0.477121255,3,0.477121255,10,1,9,0.954242509,-2.308919956,-2.442131218,,
Russula amoenolens,4,0.602059991,2,0.301029996,269,2.42975228,125,2.096910013,-2.485721426,-1.278753601,,
Russula atropurpurea,282,2.450249108,72,1.857332496,4708,3.672836454,919,2.963315511,-0.87666679,-0.235616359,,
Russula atrorubens,2,0.301029996,2,0.301029996,12,1.079181246,11,1.041392685,-2.485721426,-2.354632211,,
Russula aurea,2,0.301029996,2,0.301029996,53,1.72427587,29,1.462397998,-2.485721426,-1.930474748,,
Russula azurea,2,0.301029996,2,0.301029996,21,1.322219295,13,1.113943352,-2.485721426,-2.281732433,,
Russula betularum,85,1.929418926,27,1.431363764,2598,3.414639147,748,2.873901598,-1.337274337,-0.369632504,,
Russula brunneoviolacea,29,1.462397998,19,1.278753601,206,2.31386722,120,2.079181246,-1.495763365,-1.297395711,,
Russula caerulea,16,1.204119983,13,1.113943352,712,2.852479994,274,2.437750563,-1.66493112,-0.909774597,,
Russula cavipes,1,0,1,0,6,0.77815125,3,0.477121255,-2.787460475,-2.920297288,,
Russula chloroides,2,0.301029996,2,0.301029996,400,2.602059991,179,2.252853031,-2.485721426,-1.112822109,,
Russula claroflava,50,1.698970004,23,1.361727836,1360,3.133538908,465,2.667452953,-1.409859645,-0.641111461,,
Russula cyanoxantha,242,2.383815366,64,1.806179974,5142,3.711132072,1018,3.007747778,-0.934182716,-0.163100426,,
Russula decipiens,1,0,1,0,37,1.568201724,23,1.361727836,-2.787460475,-2.032198171,,
Russula delica,50,1.698970004,32,1.505149978,1284,3.108565024,453,2.656098202,-1.259773006,-0.655019641,,
Russula densifolia,35,1.544068044,21,1.322219295,835,2.921686475,363,2.559906625,-1.450835399,-0.769897897,,
Russula emetica,88,1.944482672,46,1.662757832,1680,3.225309282,525,2.720159303,-1.091590504,-0.575407797,,
Russula exalbicans,15,1.176091259,10,1,487,2.687528961,225,2.352182518,-1.781036939,-1.004798883,,
Russula farinipes,12,1.079181246,10,1,311,2.492760389,162,2.209515015,-1.781036939,-1.159329492,,
Russula fellea,98,1.991226076,41,1.612783857,3293,3.517591731,731,2.863917377,-1.145370765,-0.383810456,,
Russula foetens,61,1.785329835,30,1.477121255,1093,3.038620162,472,2.673941999,-1.289291592,-0.633125952,,
Russula fragilis var. fragilis,73,1.86332286,38,1.579783597,2420,3.383815366,698,2.843855423,-1.180638887,-0.411899364,,
Russula fragilis var. knauthii,80,1.903089987,24,1.380211242,126,2.100370545,23,1.361727836,-1.39064077,-2.032198171,,
Russula fuscorubroides,1,0,1,0,17,1.230448921,15,1.176091259,-2.787460475,-2.219235134,,
Russula gracillima,19,1.278753601,11,1.041392685,500,2.698970004,256,2.408239965,-1.738924627,-0.942782887,,
Russula grata,22,1.342422681,15,1.176091259,541,2.733197265,210,2.322219295,-1.601335563,-1.037616188,,
Russula heterophylla,165,2.217483944,60,1.77815125,715,2.854306042,303,2.481442629,-0.965358514,-0.860387428,,
Russula ionochlora,6,0.77815125,4,0.602059991,607,2.783188691,279,2.445604203,-2.183269844,-0.900944355,,
Russula langei,5,0.698970004,4,0.602059991,32,1.505149978,17,1.230448921,-2.183269844,-2.164527798,,
Russula lilacea,2,0.301029996,2,0.301029996,33,1.51851394,18,1.255272505,-2.485721426,-2.139529272,,
Russula luteotacta,5,0.698970004,5,0.698970004,280,2.447158031,133,2.123851641,-2.085647288,-1.250346617,,
Russula maculata,1,0,1,0,52,1.716003344,36,1.556302501,-2.787460475,-1.835338203,,
Russula melliolens,2,0.301029996,2,0.301029996,49,1.69019608,28,1.447158031,-2.485721426,-1.945890435,,
Russula minutula,2,0.301029996,2,0.301029996,13,1.113943352,10,1,-2.485721426,-2.396199347,,
Russula mustelina,2,0.301029996,2,0.301029996,9,0.954242509,6,0.77815125,-2.485721426,-2.618745199,,
Russula nauseosa,2,0.301029996,2,0.301029996,147,2.167317335,73,1.86332286,-2.485721426,-1.521746916,,
Russula nigricans,103,2.012837225,46,1.662757832,4701,3.672190251,1053,3.022428371,-1.091590504,-0.13804016,,
Russula nitida,10,1,8,0.903089987,968,2.985875357,397,2.598790507,-1.879382637,-0.724048766,,
Russula nobilis,275,2.439332694,71,1.851258349,3454,3.538322333,717,2.855519156,-0.883541481,-0.395632188,,
Russula ochroleuca,504,2.702430536,100,2,9550,3.980003372,1358,3.13289977,-0.710963119,0.075233666,,
Russula odorata,2,0.301029996,2,0.301029996,76,1.880813592,43,1.633468456,-2.485721426,-1.756936701,,
Russula olivacea,1,0,1,0,157,2.195899652,93,1.968482949,-2.787460475,-1.412993142,,
Russula paludosa,6,0.77815125,2,0.301029996,204,2.309630167,62,1.792391689,-2.485721426,-1.594642012,,
Russula parazurea,14,1.146128036,10,1,1479,3.169968174,427,2.630427875,-1.781036939,-0.686171427,,
Russula pectinata,9,0.954242509,2,0.301029996,33,1.51851394,22,1.342422681,-2.485721426,-2.051678621,,
Russula pectinatoides,10,1,8,0.903089987,203,2.307496038,115,2.06069784,-1.879382637,-1.316790543,,
Russula pelargonia,1,0,1,0,42,1.62324929,28,1.447158031,-2.787460475,-1.945890435,,
Russula pseudointegra,11,1.041392685,8,0.903089987,439,2.64246452,175,2.243038049,-1.879382637,-1.123384909,,
Russula puellaris,5,0.698970004,5,0.698970004,852,2.930439595,356,2.551449998,-2.085647288,-0.779774783,,
Russula queletii,1,0,1,0,451,2.654176542,198,2.29666519,-2.787460475,-1.065440129,,
Russula risigallina,11,1.041392685,9,0.954242509,288,2.459392488,133,2.123851641,-1.827512865,-1.250346617,,
Russula romellii,2,0.301029996,2,0.301029996,120,2.079181246,69,1.838849091,-2.485721426,-1.546935868,,
Russula rosea,36,1.556302501,20,1.301029996,785,2.894869657,286,2.456366033,-1.472756449,-0.888811583,,
Russula sanguinaria,17,1.230448921,15,1.176091259,544,2.7355989,244,2.387389826,-1.601335563,-0.965949269,,
Russula sardonia,61,1.785329835,39,1.591064607,1438,3.157758886,449,2.652246341,-1.168603238,-0.659719319,,
Russula silvestris,4,0.602059991,4,0.602059991,612,2.786751422,249,2.396199347,-2.183269844,-0.956176148,,
Russula solaris,8,0.903089987,6,0.77815125,81,1.908485019,49,1.69019608,-2.005752329,-1.699147231,,
Russula sororia,44,1.643452676,22,1.342422681,897,2.952792443,346,2.539076099,-1.429899026,-0.7941696,,
Russula turci,1,0,1,0,178,2.250420002,87,1.939519253,-2.787460475,-1.443038069,,
Russula velenovskyi,19,1.278753601,15,1.176091259,672,2.827369273,304,2.482873584,-1.601335563,-0.858758752,,
Russula versicolor,8,0.903089987,6,0.77815125,338,2.5289167,195,2.290034611,-2.005752329,-1.072636318,,
Russula vesca,32,1.505149978,20,1.301029996,1975,3.2955671,639,2.805500858,-1.472756449,-0.464245515,,
Russula veternosa,1,0,1,0,73,1.86332286,49,1.69019608,-2.787460475,-1.699147231,,
Russula violacea,4,0.602059991,4,0.602059991,41,1.612783857,26,1.414973348,-2.183269844,-1.978426347,,
Russula violeipes,16,1.204119983,13,1.113943352,400,2.602059991,179,2.252853031,-1.66493112,-1.112822109,,
Russula virescens,41,1.612783857,24,1.380211242,396,2.597695186,159,2.201397124,-1.39064077,-1.168004289,,
Russula xerampelina,97,1.986771734,47,1.672097858,1398,3.145507171,496,2.695481676,-1.081485201,-0.606416041,,
Rutstroemia bolaris,1,0,1,0,5,0.698970004,4,0.602059991,-2.787460475,-2.79518459,,
Rutstroemia firma,22,1.342422681,18,1.255272505,624,2.79518459,280,2.447158031,-1.519973755,-0.899194943,,
Rutstroemia petiolorum,1,0,1,0,69,1.838849091,53,1.72427587,-2.787460475,-1.6643581,,
Rutstroemia sydowiana,1,0,1,0,286,2.456366033,157,2.195899652,-2.787460475,-1.173872636,,
Saccothecium sepincola,1,0,1,0,20,1.301029996,14,1.146128036,-2.787460475,-2.249373089,,
Sarcomyxa serotina,31,1.491361694,21,1.322219295,953,2.979092901,355,2.550228353,-1.450835399,-0.781198943,,
Sarcopodium roseum,1,0,1,0,3,0.477121255,3,0.477121255,-2.787460475,-2.920297288,,
Sarcoscypha austriaca var. austriaca,78,1.892094603,46,1.662757832,1095,3.039414119,293,2.46686762,-1.091590504,-0.876934713,,
Sarcoscypha coccinea,39,1.591064607,22,1.342422681,228,2.357934847,122,2.086359831,-1.429899026,-1.28985202,,
Sarcosphaera coronaria,9,0.954242509,4,0.602059991,62,1.792391689,16,1.204119983,-2.183269844,-2.191031609,,
Sawadaea bicornis,60,1.77815125,29,1.462397998,1266,3.102433706,536,2.72916479,-1.304757868,-0.563976694,,
Schizophyllum commune,13,1.113943352,11,1.041392685,556,2.745074792,231,2.36361198,-1.738924627,-0.992222516,,
Schizopora paradoxa,44,1.643452676,32,1.505149978,3935,3.594944737,907,2.957607287,-1.259773006,-0.244608489,,
Schizoxylon berkeleyanum,1,0,1,0,4,0.602059991,3,0.477121255,-2.787460475,-2.920297288,,
Scleroderma areolatum,50,1.698970004,23,1.361727836,1322,3.121231455,535,2.728353782,-1.409859645,-0.565008773,,
Scleroderma bovista,2,0.301029996,1,0,468,2.670245853,235,2.371067862,-2.787460475,-0.984000344,,
Scleroderma cepa,1,0,1,0,145,2.161368002,99,1.995635195,-2.787460475,-1.384756965,,
Scleroderma citrinum,301,2.478566496,58,1.763427994,6583,3.818423855,1257,3.099335278,-0.981646798,0.004864149,,
Scleroderma verrucosum,120,2.079181246,57,1.755874856,2466,3.391993072,787,2.895974732,-0.98998034,-0.337782631,,
Sclerophora pallida,1,0,1,0,9,0.954242509,7,0.84509804,-2.787460475,-2.551624238,,
Scopuloides hydnoides,1,0,1,0,252,2.401400541,173,2.238046103,-2.787460475,-1.12875028,,
Scutellinia crucipila,2,0.301029996,2,0.301029996,68,1.832508913,51,1.707570176,-2.485721426,-1.681418609,,
Scutellinia scutellata,45,1.653212514,31,1.491361694,1876,3.273232834,720,2.857332496,-1.274306861,-0.393087506,,
Scutellinia umbrorum,3,0.477121255,3,0.477121255,242,2.383815366,146,2.164352856,-2.308919956,-1.207453603,,
Sebacina epigaea,2,0.301029996,2,0.301029996,114,2.056904851,62,1.792391689,-2.485721426,-1.594642012,,
Sebacina incrustans,38,1.579783597,21,1.322219295,227,2.356025857,127,2.103803721,-1.450835399,-1.271494017,,
Seimatosporium caudatum,1,0,1,0,2,0.301029996,2,0.301029996,-2.787460475,-3.096562438,,
Septocylindrium leucum,1,0,1,0,4,0.602059991,4,0.602059991,-2.787460475,-2.79518459,,
Septogloeum carthusianum,3,0.477121255,3,0.477121255,5,0.698970004,5,0.698970004,-2.308919956,-2.698100546,,
Septomazzantia lirella,1,0,1,0,12,1.079181246,10,1,-2.787460475,-2.396199347,,
Septoria acetosae,96,1.982271233,47,1.672097858,9,0.954242509,9,0.954242509,-1.081485201,-2.442131218,,
Septoria anemones,1,0,1,0,17,1.230448921,14,1.146128036,-2.787460475,-2.249373089,,
Septoria apiicola,1,0,1,0,139,2.1430148,29,1.462397998,-2.787460475,-1.930474748,,
Septoria azaleae,1,0,1,0,34,1.531478917,11,1.041392685,-2.787460475,-2.354632211,,
Septoria brissaceana,1,0,1,0,1,0,1,0,-2.787460475,-3.397766256,,
Septoria chelidonii,1,0,1,0,3,0.477121255,3,0.477121255,-2.787460475,-2.920297288,,
Septoria chrysanthemella,2,0.301029996,1,0,33,1.51851394,12,1.079181246,-2.787460475,-2.31666913,,
Septoria clematidis,6,0.77815125,5,0.698970004,11,1.041392685,10,1,-2.085647288,-2.396199347,,
Septoria convolvuli,5,0.698970004,3,0.477121255,21,1.322219295,13,1.113943352,-2.308919956,-2.281732433,,
Septoria cornicola,20,1.301029996,18,1.255272505,43,1.633468456,23,1.361727836,-1.519973755,-2.032198171,,
Septoria epilobii,7,0.84509804,1,0,10,1,10,1,-2.787460475,-2.396199347,,
Septoria euonymi,1,0,1,0,1,0,1,0,-2.787460475,-3.397766256,,
Septoria geranii,2,0.301029996,1,0,6,0.77815125,5,0.698970004,-2.787460475,-2.698100546,,
Septoria hippocastani,14,1.146128036,5,0.698970004,2,0.301029996,1,0,-2.085647288,-3.397766256,,
Septoria hydrangeae,2,0.301029996,1,0,1,0,1,0,-2.787460475,-3.397766256,,
Septoria lactucae,2,0.301029996,2,0.301029996,4,0.602059991,3,0.477121255,-2.485721426,-2.920297288,,
Septoria lamii,1,0,1,0,3,0.477121255,3,0.477121255,-2.787460475,-2.920297288,,
Septoria leucanthemi,1,0,1,0,25,1.397940009,7,0.84509804,-2.787460475,-2.551624238,,
Septoria lychnidis,9,0.954242509,4,0.602059991,40,1.602059991,23,1.361727836,-2.183269844,-2.032198171,,
Septoria minuta,1,0,1,0,4,0.602059991,4,0.602059991,-2.787460475,-2.79518459,,
Septoria mougeotii,1,0,1,0,3,0.477121255,3,0.477121255,-2.787460475,-2.920297288,,
Septoria polygonorum,1,0,1,0,24,1.380211242,10,1,-2.787460475,-2.396199347,,
Septoria populi,1,0,1,0,1,0,1,0,-2.787460475,-3.397766256,,
Septoria quercicola,2,0.301029996,1,0,4,0.602059991,3,0.477121255,-2.787460475,-2.920297288,,
Septoria quevillensis,1,0,1,0,2,0.301029996,2,0.301029996,-2.787460475,-3.096562438,,
Septoria rhododendri,6,0.77815125,5,0.698970004,7,0.84509804,6,0.77815125,-2.085647288,-2.618745199,,
Septoria scabiosicola,1,0,1,0,12,1.079181246,8,0.903089987,-2.787460475,-2.493458051,,
Septoria sorbi,4,0.602059991,4,0.602059991,9,0.954242509,9,0.954242509,-2.183269844,-2.442131218,,
Septoria stachydis,1,0,1,0,53,1.72427587,41,1.612783857,-2.787460475,-1.777974672,,
Septoria tormentillae,2,0.301029996,2,0.301029996,11,1.041392685,11,1.041392685,-2.485721426,-2.354632211,,
Septoria urticae,3,0.477121255,3,0.477121255,7,0.84509804,5,0.698970004,-2.308919956,-2.698100546,,
Septoria virgaureae,1,0,1,0,4,0.602059991,3,0.477121255,-2.787460475,-2.920297288,,
Serpula himantioides,5,0.698970004,5,0.698970004,324,2.51054501,146,2.164352856,-2.085647288,-1.207453603,,
Serpula lacrymans,6,0.77815125,5,0.698970004,97,1.986771734,39,1.591064607,-2.085647288,-1.800047007,,
Serpula pulverulenta,5,0.698970004,3,0.477121255,2,0.301029996,1,0,-2.308919956,-3.397766256,,
Sigarispora caudata,10,1,8,0.903089987,6,0.77815125,5,0.698970004,-1.879382637,-2.698100546,,
Simocybe centunculus var. centunculus,4,0.602059991,4,0.602059991,333,2.522444234,163,2.212187604,-2.183269844,-1.156471108,,
Simocybe haustellaris,3,0.477121255,3,0.477121255,136,2.133538908,87,1.939519253,-2.308919956,-1.443038069,,
Simocybe sumptuosa,1,0,1,0,230,2.361727836,112,2.049218023,-2.787460475,-1.3288163,,
Sistotrema brinkmannii,8,0.903089987,7,0.84509804,265,2.423245874,143,2.155336037,-1.938090651,-1.217023545,,
Sistotrema confluens,3,0.477121255,3,0.477121255,93,1.968482949,41,1.612783857,-2.308919956,-1.777974672,,
Sistotrema octosporum,1,0,1,0,25,1.397940009,13,1.113943352,-2.787460475,-2.281732433,,
Sistotrema sernanderi,1,0,1,0,47,1.672097858,27,1.431363764,-2.787460475,-1.961860352,,
Skeletocutis amorpha,5,0.698970004,5,0.698970004,395,2.596597096,198,2.29666519,-2.085647288,-1.065440129,,
Skeletocutis lenis,15,1.176091259,11,1.041392685,16,1.204119983,5,0.698970004,-1.738924627,-2.698100546,,
Skeletocutis nivea,8,0.903089987,7,0.84509804,1365,3.135132651,516,2.712649702,-1.938090651,-0.584891966,,
Sowerbyella radiculata var. radiculata,4,0.602059991,3,0.477121255,84,1.924279286,41,1.612783857,-2.308919956,-1.777974672,,
Spadicoides grovei,2,0.301029996,2,0.301029996,28,1.447158031,14,1.146128036,-2.485721426,-2.249373089,,
Spadicoides xylogena,1,0,1,0,14,1.146128036,9,0.954242509,-2.787460475,-2.442131218,,
Sparassis crispa,37,1.568201724,17,1.230448921,888,2.948412966,278,2.444044796,-1.54552541,-0.902699259,,
Sparassis spathulata,2,0.301029996,2,0.301029996,83,1.919078092,33,1.51851394,-2.485721426,-1.87365521,,
Spathularia flavida,1,0,1,0,195,2.290034611,72,1.857332496,-2.787460475,-1.527916186,,
Sphaeridium candidulum,2,0.301029996,1,0,20,1.301029996,12,1.079181246,-2.787460475,-2.31666913,,
Sphaerobolus stellatus,2,0.301029996,2,0.301029996,832,2.920123326,439,2.64246452,-2.485721426,-0.671613472,,
Sphaeropsis sapinea,5,0.698970004,3,0.477121255,87,1.939519253,43,1.633468456,-2.308919956,-1.756936701,,
Sphaerostilbella aureonitens,1,0,1,0,15,1.176091259,10,1,-2.787460475,-2.396199347,,
Sphaerotheca fuliginea,2,0.301029996,1,0,64,1.806179974,33,1.51851394,-2.787460475,-1.87365521,,
Sphaerulina hyperici,1,0,1,0,16,1.204119983,15,1.176091259,-2.787460475,-2.219235134,,
Sphaerulina rehmiana,7,0.84509804,4,0.602059991,6,0.77815125,6,0.77815125,-2.183269844,-2.618745199,,
Spinellus fusiger,73,1.86332286,33,1.51851394,480,2.681241237,261,2.416640507,-1.245662193,-0.933413586,,
Spondylocladiopsis cupulicola,1,0,1,0,75,1.875061263,46,1.662757832,-2.787460475,-1.727116727,,
Spongipellis delectans,7,0.84509804,6,0.77815125,107,2.029383778,29,1.462397998,-2.005752329,-1.930474748,,
Spongipellis spumeus,15,1.176091259,12,1.079181246,38,1.579783597,17,1.230448921,-1.700415245,-2.164527798,,
Sporobolomyces roseus,1,0,1,0,37,1.568201724,11,1.041392685,-2.787460475,-2.354632211,,
Squamanita paradoxa,1,0,1,0,25,1.397940009,10,1,-2.787460475,-2.396199347,,
Stachybotrys dichroa,5,0.698970004,5,0.698970004,56,1.748188027,26,1.414973348,-2.085647288,-1.978426347,,
Steccherinum fimbriatum,2,0.301029996,2,0.301029996,317,2.501059262,149,2.173186268,-2.485721426,-1.198066361,,
Steccherinum ochraceum,2,0.301029996,2,0.301029996,260,2.414973348,137,2.136720567,-2.485721426,-1.236743154,,
Stenocephalopsis subalutacea,1,0,1,0,1,0,1,0,-2.787460475,-3.397766256,,
Stereum gausapatum,204,2.309630167,67,1.826074803,2354,3.371806459,746,2.872738827,-0.911912524,-0.371290762,,
Stereum hirsutum,821,2.914343157,158,2.198657087,13245,4.122051963,1482,3.170848204,-0.460307756,0.163100426,,
Stereum rameale,48,1.681241237,27,1.431363764,609,2.784617293,282,2.450249108,-1.337274337,-0.895712433,,
Stereum rugosum,117,2.068185862,48,1.681241237,5064,3.704493697,1126,3.051538391,-1.071575194,-0.086448342,,
Stereum sanguinolentum,61,1.785329835,28,1.447158031,1626,3.211120541,627,2.797267541,-1.320739585,-0.475270237,,
Stereum subtomentosum,2,0.301029996,2,0.301029996,943,2.974511693,299,2.475671188,-2.485721426,-0.866948854,,
Stictis radiata,2,0.301029996,2,0.301029996,67,1.826074803,31,1.491361694,-2.485721426,-1.901159396,,
Stictis stellata,3,0.477121255,3,0.477121255,113,2.053078443,63,1.799340549,-2.308919956,-1.58751498,,
Stigmina carpophila,3,0.477121255,3,0.477121255,11,1.041392685,9,0.954242509,-2.308919956,-2.442131218,,
Stilbella fimetaria,3,0.477121255,3,0.477121255,175,2.243038049,117,2.068185862,-2.308919956,-1.308938181,,
Stilbum vulgare,2,0.301029996,2,0.301029996,2,0.301029996,2,0.301029996,-2.485721426,-3.096562438,,
Stomiopeltis betulae,1,0,1,0,52,1.716003344,33,1.51851394,-2.787460475,-1.87365521,,
Stomiopeltis pinastri,1,0,1,0,54,1.73239376,36,1.556302501,-2.787460475,-1.835338203,,
Strobilurus esculentus,16,1.204119983,10,1,403,2.605305046,175,2.243038049,-1.781036939,-1.123384909,,
Strobilurus stephanocystis,2,0.301029996,2,0.301029996,178,2.250420002,85,1.929418926,-2.485721426,-1.453498209,,
Strobilurus tenacellus,1,0,1,0,626,2.796574333,292,2.465382851,-2.787460475,-0.878616218,,
Stropharia aeruginosa,115,2.06069784,53,1.72427587,1579,3.19838213,504,2.702430536,-1.024686992,-0.597730001,,
Stropharia aurantiaca,17,1.230448921,1,0,387,2.587710965,129,2.11058971,-2.787460475,-1.264341844,,
Stropharia caerulea,7,0.84509804,6,0.77815125,909,2.958563883,398,2.599883072,-2.005752329,-0.72274964,,
Stropharia coronilla,11,1.041392685,8,0.903089987,410,2.612783857,207,2.315970345,-1.879382637,-1.044433709,,
Stropharia cyanea,3,0.477121255,1,0,203,2.307496038,133,2.123851641,-2.787460475,-1.250346617,,
Stropharia inuncta,25,1.397940009,18,1.255272505,376,2.575187845,196,2.292256071,-1.519973755,-1.070226403,,
Stropharia semiglobata,122,2.086359831,52,1.716003344,3495,3.54344718,985,2.99343623,-1.033732972,-0.186976402,,
Strossmayeria basitricha,1,0,1,0,137,2.136720567,66,1.819543936,-2.787460475,-1.566776638,,
Stypella dubia,5,0.698970004,3,0.477121255,119,2.075546961,52,1.716003344,-2.308919956,-1.67280807,,
Stypella glaira,4,0.602059991,4,0.602059991,9,0.954242509,9,0.954242509,-2.183269844,-2.442131218,,
Stypella subhyalina,2,0.301029996,2,0.301029996,98,1.991226076,54,1.73239376,-2.485721426,-1.656062693,,
Stypella vermiformis,2,0.301029996,2,0.301029996,69,1.838849091,43,1.633468456,-2.485721426,-1.756936701,,
Suillus bovinus,142,2.152288344,43,1.633468456,1657,3.219322508,425,2.62838893,-1.123167653,-0.688629171,,
Suillus cavipes,1,0,1,0,50,1.698970004,20,1.301029996,-2.787460475,-2.093421685,,
Suillus collinitus,3,0.477121255,2,0.301029996,94,1.973127854,45,1.653212514,-2.485721426,-1.736838983,,
Suillus granulatus,16,1.204119983,11,1.041392685,687,2.836956737,264,2.421603927,-1.738924627,-0.927867872,,
Suillus grevillei,72,1.857332496,24,1.380211242,2601,3.415140352,730,2.86332286,-1.39064077,-0.384650406,,
Suillus luteus,61,1.785329835,27,1.431363764,1942,3.288249226,561,2.748962861,-1.337274337,-0.538614948,,
Suillus tridentinus,2,0.301029996,2,0.301029996,79,1.897627091,33,1.51851394,-2.485721426,-1.87365521,,
Suillus variegatus,14,1.146128036,8,0.903089987,1070,3.029383778,308,2.488550717,-1.879382637,-0.852289833,,
Suillus viscidus,11,1.041392685,8,0.903089987,286,2.456366033,114,2.056904851,-1.879382637,-1.320765588,,
Sydowia polyspora,1,0,1,0,107,2.029383778,34,1.531478917,-2.787460475,-1.860514155,,
Sydowiella depressula,1,0,1,0,7,0.84509804,6,0.77815125,-2.787460475,-2.618745199,,
Syzygites megalocarpus,13,1.113943352,10,1,107,2.029383778,53,1.72427587,-1.781036939,-1.6643581,,
Taeniolina scripta,1,0,1,0,38,1.579783597,26,1.414973348,-2.787460475,-1.978426347,,
Tapesia rosae,1,0,1,0,70,1.84509804,43,1.633468456,-2.787460475,-1.756936701,,
Taphrina betulae,1,0,1,0,33,1.51851394,29,1.462397998,-2.787460475,-1.930474748,,
Taphrina betulina,5,0.698970004,3,0.477121255,344,2.536558443,218,2.338456494,-2.308919956,-1.019859146,,
Taphrina deformans,11,1.041392685,6,0.77815125,67,1.826074803,38,1.579783597,-2.005752329,-1.811504452,,
Taphrina populina,1,0,1,0,124,2.093421685,89,1.949390007,-2.787460475,-1.432807204,,
Taphrina pruni,5,0.698970004,5,0.698970004,229,2.359835482,116,2.064457989,-2.085647288,-1.312848262,,
Tapinella atrotomentosa,41,1.612783857,24,1.380211242,856,2.932473765,275,2.439332694,-1.39064077,-0.907997321,,
Tapinella panuoides,5,0.698970004,5,0.698970004,354,2.549003262,195,2.290034611,-2.085647288,-1.072636318,,
Tarzetta catinus,23,1.361727836,15,1.176091259,319,2.503790683,176,2.245512668,-1.601335563,-1.120723456,,
Tarzetta cupularis,5,0.698970004,4,0.602059991,320,2.505149978,180,2.255272505,-2.183269844,-1.11021548,,
Tephrocybe ambusta,4,0.602059991,4,0.602059991,89,1.949390007,53,1.72427587,-2.183269844,-1.6643581,,
Tephrocybe anthracophila,11,1.041392685,6,0.77815125,233,2.367355921,121,2.08278537,-2.005752329,-1.293609072,,
Tephrocybe atrata,23,1.361727836,14,1.146128036,216,2.334453751,132,2.120573931,-1.632023215,-1.253807767,,
Tephrocybe palustris,2,0.301029996,2,0.301029996,323,2.509202522,168,2.225309282,-2.485721426,-1.142419264,,
Tephrocybe putida,2,0.301029996,1,0,12,1.079181246,5,0.698970004,-2.787460475,-2.698100546,,
Tephrocybe rancida,31,1.491361694,18,1.255272505,443,2.646403726,207,2.315970345,-1.519973755,-1.044433709,,
Tephrocybe tylicolor,4,0.602059991,3,0.477121255,127,2.103803721,69,1.838849091,-2.308919956,-1.546935868,,
Tephromela atra var. atra,1,0,1,0,164,2.214843848,54,1.73239376,-2.787460475,-1.656062693,,
Terana coerulea,7,0.84509804,7,0.84509804,295,2.469822016,137,2.136720567,-1.938090651,-1.236743154,,
Thedgonia ligustrina,6,0.77815125,4,0.602059991,61,1.785329835,36,1.556302501,-2.183269844,-1.835338203,,
Thelephora anthocephala,4,0.602059991,1,0,140,2.146128036,86,1.934498451,-2.787460475,-1.448238815,,
Thelephora caryophyllea,1,0,1,0,17,1.230448921,13,1.113943352,-2.787460475,-2.281732433,,
Thelephora palmata,1,0,1,0,118,2.071882007,68,1.832508913,-2.787460475,-1.553454658,,
Thelephora penicillata,33,1.51851394,18,1.255272505,249,2.396199347,127,2.103803721,-1.519973755,-1.271494017,,
Thelephora terrestris,65,1.812913357,34,1.531478917,1554,3.191451014,547,2.737987326,-1.231949077,-0.552714917,,
Thysanophora taxi,1,0,1,0,12,1.079181246,10,1,-2.787460475,-2.396199347,,
Tilachlidium brachiatum,1,0,1,0,22,1.342422681,12,1.079181246,-2.787460475,-2.31666913,,
Tolypocladium ophioglossoides,1,0,1,0,298,2.474216264,132,2.120573931,-2.787460475,-1.253807767,,
Tomentella fibrosa,3,0.477121255,3,0.477121255,7,0.84509804,5,0.698970004,-2.308919956,-2.698100546,,
Tomentella pilosa,1,0,1,0,24,1.380211242,16,1.204119983,-2.787460475,-2.191031609,,
Tomentella punicea,2,0.301029996,2,0.301029996,33,1.51851394,18,1.255272505,-2.485721426,-2.139529272,,
Tomentella stuposa,1,0,1,0,28,1.447158031,15,1.176091259,-2.787460475,-2.219235134,,
Tomentella subtestacea,4,0.602059991,3,0.477121255,11,1.041392685,10,1,-2.308919956,-2.396199347,,
Tomentella testaceogilva,2,0.301029996,1,0,8,0.903089987,5,0.698970004,-2.787460475,-2.698100546,,
Tomentellopsis echinospora,2,0.301029996,2,0.301029996,86,1.934498451,47,1.672097858,-2.485721426,-1.71759969,,
Tomentellopsis submollis,1,0,1,0,13,1.113943352,7,0.84509804,-2.787460475,-2.551624238,,
Tomentellopsis zygodesmoides,5,0.698970004,4,0.602059991,13,1.113943352,6,0.77815125,-2.183269844,-2.618745199,,
Torula herbarum,5,0.698970004,4,0.602059991,594,2.773786445,276,2.440909082,-2.183269844,-0.906225701,,
Trametes gibbosa,315,2.498310554,101,2.004321374,2495,3.39707055,617,2.790285164,-0.705795991,-0.484565156,,
Trametes hirsuta,102,2.008600172,47,1.672097858,1051,3.021602716,377,2.57634135,-1.081485201,-0.750608644,,
Trametes ochracea,5,0.698970004,5,0.698970004,430,2.633468456,166,2.220108088,-2.085647288,-1.147992764,,
Trametes pubescens,18,1.255272505,11,1.041392685,201,2.303196057,112,2.049218023,-1.738924627,-1.3288163,,
Trametes versicolor,979,2.990782692,190,2.278753601,13472,4.129432074,1521,3.182129214,-0.348612256,0.191346522,,
Tranzschelia anemones,4,0.602059991,4,0.602059991,306,2.485721426,154,2.187520721,-2.183269844,-1.182807287,,
Tranzschelia discolor,6,0.77815125,6,0.77815125,241,2.382017043,83,1.919078092,-2.005752329,-1.464198558,,
Trechispora cohaerens,1,0,1,0,160,2.204119983,82,1.913813852,-2.787460475,-1.469642444,,
Trechispora confinis,3,0.477121255,2,0.301029996,82,1.913813852,41,1.612783857,-2.485721426,-1.777974672,,
Trechispora farinacea,7,0.84509804,7,0.84509804,499,2.698100546,245,2.389166084,-1.938090651,-0.963980462,,
Trechispora fastidiosa,1,0,1,0,41,1.612783857,23,1.361727836,-2.787460475,-2.032198171,,
Trechispora hymenocystis,1,0,1,0,19,1.278753601,11,1.041392685,-2.787460475,-2.354632211,,
Trechispora mollusca,181,2.257678575,50,1.698970004,375,2.574031268,206,2.31386722,-1.0523091,-1.046726193,,
Trematosphaeria pertusa,1,0,1,0,26,1.414973348,18,1.255272505,-2.787460475,-2.139529272,,
Tremella encephala,13,1.113943352,12,1.079181246,106,2.025305865,76,1.880813592,-1.700415245,-1.503719023,,
Tremella exigua,3,0.477121255,3,0.477121255,86,1.934498451,44,1.643452676,-2.308919956,-1.746775686,,
Tremella foliacea,37,1.568201724,25,1.397940009,1380,3.139879086,559,2.747411808,-1.372175286,-0.540613728,,
Tremella indecorata,4,0.602059991,4,0.602059991,14,1.146128036,10,1,-2.183269844,-2.396199347,,
Tremella mesenterica,268,2.428134794,102,2.008600172,3501,3.544192111,940,2.973127854,-0.700669789,-0.219996745,,
Tremella translucens,4,0.602059991,3,0.477121255,55,1.740362689,30,1.477121255,-2.308919956,-1.915575699,,
Tremellodendropsis tuberosa,2,0.301029996,2,0.301029996,14,1.146128036,7,0.84509804,-2.485721426,-2.551624238,,
Triadelphia uniseptata,1,0,1,0,7,0.84509804,6,0.77815125,-2.787460475,-2.618745199,,
Trichaptum abietinum,64,1.806179974,34,1.531478917,2188,3.340047318,736,2.866877814,-1.231949077,-0.379620766,,
Trichoderma hamatum,37,1.568201724,30,1.477121255,33,1.51851394,11,1.041392685,-1.289291592,-2.354632211,,
Trichoderma longibrachiatum,3,0.477121255,2,0.301029996,33,1.51851394,18,1.255272505,-2.485721426,-2.139529272,,
Trichoderma polysporum,1,0,1,0,33,1.51851394,11,1.041392685,-2.787460475,-2.354632211,,
Trichoglossum hirsutum var. hirsutum,2,0.301029996,2,0.301029996,731,2.863917377,282,2.450249108,-2.485721426,-0.895712433,,
Tricholoma acerbum,4,0.602059991,4,0.602059991,165,2.217483944,59,1.770852012,-2.183269844,-1.616715768,,
Tricholoma albobrunneum,1,0,1,0,66,1.819543936,36,1.556302501,-2.787460475,-1.835338203,,
Tricholoma album,78,1.892094603,44,1.643452676,583,2.765668555,262,2.418301291,-1.112422179,-0.931558791,,
Tricholoma atrosquamosum var. atrosquamosum,1,0,1,0,186,2.269512944,105,2.021189299,-2.787460475,-1.358116219,,
Tricholoma batschii,5,0.698970004,4,0.602059991,25,1.397940009,11,1.041392685,-2.183269844,-2.354632211,,
Tricholoma cingulatum,1,0,1,0,319,2.503790683,146,2.164352856,-2.787460475,-1.207453603,,
Tricholoma columbetta,3,0.477121255,3,0.477121255,396,2.597695186,165,2.217483944,-2.308919956,-1.150802941,,
Tricholoma equestre,2,0.301029996,2,0.301029996,151,2.178976947,63,1.799340549,-2.485721426,-1.58751498,,
Tricholoma focale,7,0.84509804,5,0.698970004,113,2.053078443,30,1.477121255,-2.085647288,-1.915575699,,
Tricholoma fulvum,43,1.633468456,24,1.380211242,2212,3.344785123,713,2.85308953,-1.39064077,-0.399035023,,
Tricholoma gausapatum,4,0.602059991,4,0.602059991,13,1.113943352,12,1.079181246,-2.183269844,-2.31666913,,
Tricholoma imbricatum,8,0.903089987,7,0.84509804,399,2.600972896,206,2.31386722,-1.938090651,-1.046726193,,
Tricholoma lascivum,8,0.903089987,7,0.84509804,508,2.705863712,233,2.367355921,-1.938090651,-0.988095599,,
Tricholoma orirubens,1,0,1,0,85,1.929418926,45,1.653212514,-2.787460475,-1.736838983,,
Tricholoma populinum,5,0.698970004,1,0,36,1.556302501,16,1.204119983,-2.787460475,-2.191031609,,
Tricholoma portentosum,3,0.477121255,3,0.477121255,168,2.225309282,97,1.986771734,-2.308919956,-1.393982037,,
Tricholoma psammopus,7,0.84509804,6,0.77815125,145,2.161368002,52,1.716003344,-2.005752329,-1.67280807,,
Tricholoma saponaceum var. saponaceum,20,1.301029996,16,1.204119983,1055,3.02325246,412,2.614897216,-1.572581201,-0.704833278,,
Tricholoma scalpturatum,88,1.944482672,47,1.672097858,871,2.940018155,328,2.515873844,-1.081485201,-0.820985977,,
Tricholoma sejunctum,15,1.176091259,11,1.041392685,289,2.460897843,143,2.155336037,-1.738924627,-1.217023545,,
Tricholoma stiparophyllum,8,0.903089987,8,0.903089987,171,2.23299611,72,1.857332496,-1.879382637,-1.527916186,,
Tricholoma sulphurescens,7,0.84509804,3,0.477121255,28,1.447158031,15,1.176091259,-2.308919956,-2.219235134,,
Tricholoma sulphureum var. sulphureum,45,1.653212514,29,1.462397998,1172,3.068927612,377,2.57634135,-1.304757868,-0.750608644,,
Tricholoma terreum,131,2.117271296,49,1.69019608,1062,3.026124517,409,2.611723308,-1.061852368,-0.708630725,,
Tricholoma ustale,24,1.380211242,16,1.204119983,989,2.995196292,354,2.549003262,-1.572581201,-0.782626456,,
Tricholoma ustaloides,1,0,1,0,208,2.318063335,117,2.068185862,-2.787460475,-1.308938181,,
Tricholoma virgatum,6,0.77815125,5,0.698970004,336,2.526339277,203,2.307496038,-2.085647288,-1.053664957,,
Tricholomella constricta,9,0.954242509,5,0.698970004,121,2.08278537,59,1.770852012,-2.085647288,-1.616715768,,
Tricholomopsis rutilans,225,2.352182518,58,1.763427994,4080,3.610660163,1047,3.019946682,-0.981646798,-0.142318933,,
Trichonectria hirta,3,0.477121255,3,0.477121255,14,1.146128036,12,1.079181246,-2.308919956,-2.31666913,,
Trichophaea hemisphaerioides,3,0.477121255,2,0.301029996,131,2.117271296,79,1.897627091,-2.485721426,-1.486367698,,
Trichophaeopsis bicuspis,1,0,1,0,11,1.041392685,6,0.77815125,-2.787460475,-2.618745199,,
Trichothecium roseum,4,0.602059991,4,0.602059991,122,2.086359831,50,1.698970004,-2.183269844,-1.69019608,,
Tricladium castaneicola,1,0,1,0,98,1.991226076,54,1.73239376,-2.787460475,-1.656062693,,
Trimmatostroma betulinum,1,0,1,0,225,2.352182518,123,2.089905111,-2.787460475,-1.28612407,,
Trimmatostroma salicis,6,0.77815125,3,0.477121255,48,1.681241237,29,1.462397998,-2.308919956,-1.930474748,,
Triphragmium filipendulae,1,0,1,0,33,1.51851394,19,1.278753601,-2.787460475,-2.115873163,,
Triphragmium ulmariae,4,0.602059991,4,0.602059991,564,2.751279104,285,2.45484486,-2.183269844,-0.890528871,,
Trochila craterium,3,0.477121255,3,0.477121255,203,2.307496038,126,2.100370545,-2.308919956,-1.27511017,,
Trochila ilicina,71,1.851258349,36,1.556302501,1533,3.185542155,547,2.737987326,-1.205625338,-0.552714917,,
Trochila laurocerasi,14,1.146128036,11,1.041392685,115,2.06069784,65,1.812913357,-1.738924627,-1.573585609,,
Truncatella angustata,1,0,1,0,13,1.113943352,9,0.954242509,-2.787460475,-2.442131218,,
Tubaria conspersa,39,1.591064607,30,1.477121255,840,2.924279286,383,2.583198774,-1.289291592,-0.742522084,,
Tubaria dispersa,22,1.342422681,16,1.204119983,745,2.872156273,292,2.465382851,-1.572581201,-0.878616218,,
Tubaria furfuracea,267,2.426511261,105,2.021189299,4340,3.63748973,949,2.977266212,-0.685528483,-0.213345585,,
Tubaria minutalis,1,0,1,0,7,0.84509804,6,0.77815125,-2.787460475,-2.618745199,,
Tubaria pallidispora,1,0,1,0,47,1.672097858,28,1.447158031,-2.787460475,-1.945890435,,
Tubaria romagnesiana,10,1,2,0.301029996,55,1.740362689,36,1.556302501,-2.485721426,-1.835338203,,
Tuber aestivum,2,0.301029996,2,0.301029996,91,1.959041392,37,1.568201724,-2.485721426,-1.823262688,,
Tubeufia cerea,1,0,1,0,104,2.017033339,57,1.755874856,-2.787460475,-1.632048611,,
Tulasnella albida,1,0,1,0,23,1.361727836,13,1.113943352,-2.787460475,-2.281732433,,
Tulasnella allantospora,1,0,1,0,25,1.397940009,11,1.041392685,-2.787460475,-2.354632211,,
Tulasnella eichleriana,1,0,1,0,106,2.025305865,46,1.662757832,-2.787460475,-1.727116727,,
Tulasnella pruinosa,1,0,1,0,13,1.113943352,3,0.477121255,-2.787460475,-2.920297288,,
Tulasnella violea,2,0.301029996,2,0.301029996,141,2.149219113,68,1.832508913,-2.485721426,-1.553454658,,
Tulostoma brumale,29,1.462397998,14,1.146128036,223,2.348304863,93,1.968482949,-1.632023215,-1.412993142,,
Tylopilus felleus,53,1.72427587,29,1.462397998,549,2.739572344,218,2.338456494,-1.304757868,-1.019859146,,
Tylospora asterophora,33,1.51851394,22,1.342422681,38,1.579783597,20,1.301029996,-1.429899026,-2.093421685,,
Typhula erythropus,10,1,8,0.903089987,616,2.789580712,319,2.503790683,-1.879382637,-0.834864983,,
Typhula micans,1,0,1,0,82,1.913813852,47,1.672097858,-2.787460475,-1.71759969,,
Typhula phacorrhiza,14,1.146128036,11,1.041392685,172,2.235528447,94,1.973127854,-1.738924627,-1.408167769,,
Typhula quisquiliaris,2,0.301029996,2,0.301029996,525,2.720159303,264,2.421603927,-2.485721426,-0.927867872,,
Typhula setipes,10,1,8,0.903089987,258,2.411619706,144,2.158362492,-1.879382637,-1.213812794,,
Typhula uncialis,2,0.301029996,2,0.301029996,70,1.84509804,37,1.568201724,-2.485721426,-1.823262688,,
Tyromyces chioneus,3,0.477121255,2,0.301029996,424,2.627365857,179,2.252853031,-2.485721426,-1.112822109,,
Tyromyces wynneae,9,0.954242509,6,0.77815125,110,2.041392685,55,1.740362689,-2.005752329,-1.647916174,,
Unguiculella hamulata,2,0.301029996,1,0,60,1.77815125,37,1.568201724,-2.787460475,-1.823262688,,
Urceolella crispula,2,0.301029996,1,0,46,1.662757832,27,1.431363764,-2.787460475,-1.961860352,,
Urocystis ranunculi,1,0,1,0,113,2.053078443,48,1.681241237,-2.787460475,-1.708279228,,
Uromyces aecidiiformis,1,0,1,0,3,0.477121255,1,0,-2.787460475,-3.397766256,,
Uromyces appendiculatus,2,0.301029996,2,0.301029996,32,1.505149978,10,1,-2.485721426,-2.396199347,,
Uromyces dactylidis,6,0.77815125,6,0.77815125,738,2.868056362,370,2.568201724,-2.005752329,-0.760177879,,
Uromyces dianthi,1,0,1,0,11,1.041392685,8,0.903089987,-2.787460475,-2.493458051,,
Uromyces ficariae,42,1.62324929,23,1.361727836,736,2.866877814,356,2.551449998,-1.409859645,-0.779774783,,
Uromyces geranii,4,0.602059991,3,0.477121255,297,2.472756449,112,2.049218023,-2.308919956,-1.3288163,,
Uromyces junci,1,0,1,0,29,1.462397998,18,1.255272505,-2.787460475,-2.139529272,,
Uromyces muscari,65,1.812913357,20,1.301029996,886,2.947433722,401,2.603144373,-1.472756449,-0.718868066,,
Uromyces scrophulariae,1,0,1,0,27,1.431363764,9,0.954242509,-2.787460475,-2.442131218,,
Uromyces valerianae,1,0,1,0,223,2.348304863,93,1.968482949,-2.787460475,-1.412993142,,
Uromyces viciae-fabae var. viciae-fabae,3,0.477121255,3,0.477121255,219,2.340444115,134,2.127104798,-2.308919956,-1.246909942,,
Usnea fragilescens var. fragilescens,2,0.301029996,2,0.301029996,7,0.84509804,3,0.477121255,-2.485721426,-2.920297288,,
Usnea glabrescens,1,0,1,0,11,1.041392685,7,0.84509804,-2.787460475,-2.551624238,,
Ustilago filiformis,1,0,1,0,199,2.298853076,118,2.071882007,-2.787460475,-1.30505975,,
Ustilago hypodytes,1,0,1,0,70,1.84509804,46,1.662757832,-2.787460475,-1.727116727,,
Ustilago striiformis,3,0.477121255,3,0.477121255,76,1.880813592,50,1.698970004,-2.308919956,-1.69019608,,
Ustilago tritici,1,0,1,0,47,1.672097858,29,1.462397998,-2.787460475,-1.930474748,,
Valsa abietis,3,0.477121255,3,0.477121255,27,1.431363764,12,1.079181246,-2.308919956,-2.31666913,,
Valsa laurocerasi,3,0.477121255,3,0.477121255,11,1.041392685,8,0.903089987,-2.308919956,-2.493458051,,
Valsa sordida,3,0.477121255,1,0,17,1.230448921,15,1.176091259,-2.787460475,-2.219235134,,
Valsella adhaerens,1,0,1,0,4,0.602059991,3,0.477121255,-2.787460475,-2.920297288,,
Vararia ochroleuca,74,1.86923172,32,1.505149978,14,1.146128036,1,0,-1.259773006,-3.397766256,,
Velutarina rufo-olivacea,6,0.77815125,6,0.77815125,69,1.838849091,35,1.544068044,-2.005752329,-1.847748879,,
Venturia fraxini,2,0.301029996,2,0.301029996,12,1.079181246,9,0.954242509,-2.485721426,-2.442131218,,
Venturia inaequalis,2,0.301029996,2,0.301029996,125,2.096910013,68,1.832508913,-2.485721426,-1.553454658,,
Venturia macularis,2,0.301029996,2,0.301029996,13,1.113943352,12,1.079181246,-2.485721426,-2.31666913,,
Venturia pyrina,1,0,1,0,21,1.322219295,17,1.230448921,-2.787460475,-2.164527798,,
Venturia rumicis,1,0,1,0,456,2.658964843,230,2.361727836,-2.787460475,-0.994298021,,
Verpa conica,5,0.698970004,4,0.602059991,397,2.598790507,167,2.222716471,-2.183269844,-1.145198268,,
Verpa digitaliformis,6,0.77815125,4,0.602059991,12,1.079181246,12,1.079181246,-2.183269844,-2.31666913,,
Vesiculomyces citrinus,25,1.397940009,17,1.230448921,84,1.924279286,35,1.544068044,-1.54552541,-1.847748879,,
Vibrissea filisporia,1,0,1,0,43,1.633468456,23,1.361727836,-2.787460475,-2.032198171,,
Volutella ciliata,5,0.698970004,4,0.602059991,181,2.257678575,111,2.045322979,-2.183269844,-1.332893171,,
Volvariella bombycina,1,0,1,0,318,2.50242712,125,2.096910013,-2.787460475,-1.278753601,,
Volvariella gloiocephala,41,1.612783857,26,1.414973348,1275,3.105510185,480,2.681241237,-1.354403978,-0.624110132,,
Volvariella pusilla,1,0,1,0,109,2.037426498,50,1.698970004,-2.787460475,-1.69019608,,
Volvariella surrecta,2,0.301029996,2,0.301029996,71,1.851258349,28,1.447158031,-2.485721426,-1.945890435,,
Volvariella taylorii,1,0,1,0,30,1.477121255,14,1.146128036,-2.787460475,-2.249373089,,
Vuilleminia comedens,65,1.812913357,37,1.568201724,1939,3.287577809,495,2.694605199,-1.192974089,-0.607509178,,
Vuilleminia coryli,1,0,1,0,278,2.444044796,129,2.11058971,-2.787460475,-1.264341844,,
Xanthoria parietina,3,0.477121255,3,0.477121255,599,2.777426822,153,2.184691431,-2.308919956,-1.185821659,,
Xenasma pruinosum,1,0,1,0,19,1.278753601,12,1.079181246,-2.787460475,-2.31666913,,
Xenasma pulverulentum,3,0.477121255,3,0.477121255,62,1.792391689,29,1.462397998,-2.308919956,-1.930474748,,
Xeromphalina cauticinalis,1,0,1,0,37,1.568201724,19,1.278753601,-2.787460475,-2.115873163,,
Xerula pudens,14,1.146128036,11,1.041392685,124,2.093421685,67,1.826074803,-1.738924627,-1.560067306,,
Xerula radicata,383,2.583198774,112,2.049218023,4028,3.605089462,851,2.92992956,-0.651485694,-0.287291096,,
Xylaria carpophila,42,1.62324929,35,1.544068044,1754,3.244029589,570,2.755874856,-1.218610519,-0.529682453,,
Xylaria filiformis,15,1.176091259,12,1.079181246,35,1.544068044,25,1.397940009,-1.700415245,-1.995635195,,
Xylaria hypoxylon,690,2.838849091,150,2.176091259,12495,4.09673626,1477,3.169380495,-0.490426721,0.159504862,,
Xylaria longipes,38,1.579783597,22,1.342422681,1103,3.042575512,509,2.706717782,-1.429899026,-0.592353478,,
Xylaria oxyacanthae,1,0,1,0,32,1.505149978,14,1.146128036,-2.787460475,-2.249373089,,
Xylaria polymorpha,149,2.173186268,64,1.806179974,3818,3.581835924,906,2.957128198,-0.934182716,-0.245360119,,
Zoophthora forficulae,1,0,1,0,1,0,1,0,-2.787460475,-3.397766256,,